step,time,R_avg,R_std,norm,energy,max_density
0,0,0.968129,0.11787,1,2.44402,0.035367
10,0.1,0.968264,0.117609,0.999998,2.44562,0.0352879
20,0.2,0.96818,0.117775,0.999995,2.45111,0.0351074
30,0.3,0.968123,0.117713,0.999993,2.46902,0.0348454
40,0.4,0.968004,0.118297,0.99999,2.48037,0.0344826
50,0.5,0.968165,0.117827,0.999989,2.50352,0.0339632
60,0.6,0.968149,0.117885,0.999987,2.52129,0.0332111
70,0.7,0.96821,0.117603,0.999985,2.55036,0.0321546
80,0.8,0.967979,0.118351,0.999984,2.57237,0.0307646
90,0.9,0.968179,0.117765,0.99998,2.60679,0.0304907
100,1,0.968181,0.117707,0.99998,2.63395,0.0308782
110,1.1,0.968116,0.118046,0.999976,2.65379,0.0309671
120,1.2,0.968257,0.117641,0.999975,2.67925,0.0306865
130,1.3,0.968044,0.118014,0.999971,2.7035,0.0299851
140,1.4,0.96824,0.117455,0.99997,2.73022,0.0288417
150,1.5,0.96813,0.117783,0.999968,2.74477,0.0272733
160,1.6,0.968197,0.117732,0.999964,2.76709,0.025798
170,1.7,0.968073,0.118239,0.999963,2.77825,0.0263291
180,1.8,0.968257,0.117516,0.99996,2.79298,0.0284463
190,1.9,0.968133,0.117927,0.999959,2.80761,0.0304641
200,2,0.968106,0.118004,0.999955,2.81797,0.0320186
210,2.1,0.968118,0.118034,0.999953,2.83558,0.0328983
220,2.2,0.968186,0.117841,0.999952,2.84078,0.0330028
230,2.3,0.968198,0.117702,0.999949,2.85227,0.0323859
240,2.4,0.968192,0.117749,0.999947,2.8616,0.0312087
250,2.5,0.968202,0.117623,0.999945,2.87548,0.0297429
260,2.6,0.968223,0.117693,0.999944,2.88385,0.0282701
270,2.7,0.968058,0.118056,0.999942,2.88894,0.0270325
280,2.8,0.968146,0.117765,0.999939,2.90114,0.0261756
290,2.9,0.967981,0.118313,0.999937,2.90644,0.0257458
300,3,0.968175,0.117719,0.999934,2.91374,0.0256967
310,3.1,0.968112,0.117911,0.999931,2.91709,0.0258907
320,3.2,0.96823,0.117748,0.999931,2.92429,0.0261412
330,3.3,0.96804,0.117932,0.999927,2.92224,0.026243
340,3.4,0.968129,0.117924,0.999924,2.92778,0.0260505
350,3.5,0.968182,0.11767,0.999921,2.93403,0.0254708
360,3.6,0.968201,0.117677,0.99992,2.93682,0.0244894
370,3.7,0.9681,0.117959,0.999916,2.94263,0.0231612
380,3.8,0.968236,0.117571,0.999913,2.94503,0.0216039
390,3.9,0.968158,0.117834,0.999912,2.95069,0.0199625
400,4,0.968187,0.117586,0.999908,2.95469,0.0183978
410,4.1,0.968119,0.118033,0.999906,2.96068,0.0170323
420,4.2,0.968189,0.117817,0.999905,2.96185,0.0159339
430,4.3,0.968108,0.117924,0.999902,2.96297,0.0151288
440,4.4,0.968283,0.117456,0.999899,2.96566,0.0145911
450,4.5,0.968147,0.117665,0.999896,2.97005,0.0142638
460,4.6,0.968239,0.117507,0.999893,2.97256,0.0140744
470,4.7,0.968165,0.117811,0.999891,2.97339,0.0139522
480,4.8,0.968156,0.117862,0.999889,2.97411,0.0138334
490,4.9,0.968153,0.117827,0.999887,2.97585,0.013671
500,5,0.968267,0.117573,0.999884,2.97849,0.0134375
510,5.1,0.968041,0.118114,0.999882,2.97917,0.0131269
520,5.2,0.968133,0.117908,0.999877,2.97919,0.0127432
530,5.3,0.968163,0.117806,0.999876,2.98155,0.0123014
540,5.4,0.96819,0.117784,0.999874,2.98312,0.0118124
550,5.5,0.96813,0.117865,0.99987,2.98223,0.0112929
560,5.6,0.9682,0.117679,0.999866,2.9832,0.0107601
570,5.7,0.968162,0.117789,0.999864,2.98595,0.0102365
580,5.8,0.968306,0.117526,0.999862,2.98583,0.0097907
590,5.9,0.968182,0.117766,0.99986,2.98593,0.00975429
600,6,0.96828,0.117499,0.999857,2.9865,0.00962671
610,6.1,0.968082,0.117932,0.999854,2.988,0.00939796
620,6.2,0.968011,0.118234,0.999851,2.98724,0.0091888
630,6.3,0.96811,0.117961,0.999849,2.98872,0.00897568
640,6.4,0.96823,0.117814,0.999847,2.98988,0.00866798
650,6.5,0.968024,0.118198,0.999844,2.98828,0.00885566
660,6.6,0.968219,0.117676,0.99984,2.98938,0.00909362
670,6.7,0.96826,0.117462,0.999839,2.99008,0.00930691
680,6.8,0.968132,0.11811,0.999836,2.9908,0.00943785
690,6.9,0.968202,0.117685,0.999833,2.99,0.00943921
700,7,0.968146,0.117822,0.99983,2.98956,0.00928349
710,7.1,0.968277,0.117624,0.999828,2.9916,0.00897981
720,7.2,0.968009,0.118276,0.999825,2.99018,0.00856164
730,7.3,0.968197,0.117722,0.999823,2.99077,0.00808608
740,7.4,0.968123,0.117848,0.999818,2.99023,0.0076793
750,7.5,0.968079,0.117912,0.999817,2.99274,0.00757161
760,7.6,0.968118,0.117909,0.999814,2.99018,0.00761325
770,7.7,0.968174,0.117825,0.999811,2.99157,0.0076587
780,7.8,0.968132,0.11788,0.999809,2.99127,0.00763483
790,7.9,0.968184,0.117812,0.999806,2.99338,0.00753543
800,8,0.968165,0.117649,0.999802,2.99159,0.00735904
810,8.1,0.968173,0.117791,0.9998,2.9927,0.00754863
820,8.2,0.967981,0.118325,0.999796,2.99098,0.007784
830,8.3,0.968054,0.118161,0.999795,2.9911,0.00792863
840,8.4,0.968113,0.117898,0.999791,2.99162,0.00794731
850,8.5,0.968212,0.117739,0.99979,2.99277,0.00782961
860,8.6,0.968105,0.118183,0.999787,2.99287,0.00759173
870,8.7,0.968185,0.11764,0.999783,2.99176,0.0072694
880,8.8,0.968201,0.117542,0.999781,2.99214,0.00691524
890,8.9,0.968181,0.117873,0.999777,2.99308,0.00659704
900,9,0.967967,0.118335,0.999775,2.99188,0.00649607
910,9.1,0.968172,0.117679,0.999774,2.99306,0.00632985
920,9.2,0.968122,0.117947,0.999771,2.99227,0.0062829
930,9.3,0.968157,0.117784,0.999768,2.99205,0.00621348
940,9.4,0.968154,0.117813,0.999764,2.99212,0.00633349
950,9.5,0.968222,0.117656,0.999762,2.9924,0.00646688
960,9.6,0.968223,0.117674,0.999757,2.99207,0.00657358
970,9.7,0.968034,0.118131,0.999756,2.99291,0.0066134
980,9.8,0.968217,0.117819,0.999753,2.9937,0.00656369
990,9.9,0.967976,0.11828,0.999751,2.99227,0.00643166
1000,10,0.968122,0.117958,0.999747,2.9925,0.00624069
1010,10.1,0.968177,0.117741,0.999746,2.99275,0.0060208
1020,10.2,0.968189,0.117876,0.999742,2.99373,0.00580869
1030,10.3,0.968011,0.118255,0.999739,2.99356,0.00564019
1040,10.4,0.968134,0.117836,0.999737,2.99263,0.00554087
1050,10.5,0.968132,0.11785,0.999735,2.99301,0.00552301
1060,10.6,0.968144,0.117807,0.99973,2.99271,0.00557843
1070,10.7,0.968214,0.117663,0.999728,2.99315,0.00568495
1080,10.8,0.968136,0.117899,0.999725,2.99328,0.0058092
1090,10.9,0.968158,0.117844,0.999725,2.99244,0.00591021
1100,11,0.968026,0.118125,0.999719,2.99223,0.00595815
1110,11.1,0.96815,0.117885,0.999716,2.9922,0.00593227
1120,11.2,0.968124,0.117887,0.999716,2.99216,0.00582507
1130,11.3,0.96818,0.117782,0.999712,2.99269,0.00564472
1140,11.4,0.968201,0.117669,0.999708,2.99249,0.00541043
1150,11.5,0.968187,0.11782,0.999708,2.99298,0.00515926
1160,11.6,0.968232,0.117673,0.999705,2.99352,0.00515163
1170,11.7,0.968137,0.117953,0.999702,2.99292,0.00516882
1180,11.8,0.968153,0.117909,0.9997,2.99194,0.00514183
1190,11.9,0.968238,0.117761,0.999695,2.99267,0.00506611
1200,12,0.968113,0.117845,0.999693,2.99268,0.004952
1210,12.1,0.968259,0.117794,0.99969,2.99275,0.00489997
1220,12.2,0.968114,0.117802,0.999687,2.992,0.00505721
1230,12.3,0.968233,0.117702,0.999684,2.99227,0.00519691
1240,12.4,0.968215,0.117661,0.999681,2.9918,0.00528837
1250,12.5,0.968157,0.117899,0.999679,2.99186,0.00530444
1260,12.6,0.968136,0.117899,0.999676,2.99146,0.00523496
1270,12.7,0.968239,0.117615,0.999673,2.99144,0.00508901
1280,12.8,0.968174,0.117748,0.99967,2.99078,0.00489546
1290,12.9,0.968147,0.11779,0.999667,2.99027,0.00468946
1300,13,0.968254,0.117626,0.999664,2.99132,0.0045636
1310,13.1,0.968254,0.117604,0.999662,2.99132,0.00451763
1320,13.2,0.96805,0.118216,0.999659,2.99027,0.00447244
1330,13.3,0.968152,0.117795,0.999658,2.99038,0.00438696
1340,13.4,0.968171,0.117717,0.999654,2.99072,0.00435874
1350,13.5,0.968285,0.117608,0.999651,2.99016,0.00445202
1360,13.6,0.968145,0.117879,0.999648,2.98986,0.00454986
1370,13.7,0.968155,0.117839,0.999645,2.98972,0.00462228
1380,13.8,0.968193,0.117764,0.999645,2.98931,0.00464711
1390,13.9,0.967961,0.118286,0.99964,2.98872,0.00461408
1400,14,0.968064,0.118014,0.999638,2.9887,0.00452703
1410,14.1,0.968211,0.117702,0.999635,2.98887,0.00440235
1420,14.2,0.968137,0.117954,0.999633,2.98935,0.00426243
1430,14.3,0.968152,0.117861,0.999631,2.98866,0.00413397
1440,14.4,0.968133,0.117968,0.999629,2.98941,0.00407534
1450,14.5,0.968181,0.117866,0.999627,2.98871,0.00403511
1460,14.6,0.968241,0.11755,0.999624,2.98909,0.00407527
1470,14.7,0.968166,0.117696,0.999621,2.98841,0.00410557
1480,14.8,0.968066,0.117942,0.999617,2.98771,0.00420022
1490,14.9,0.968149,0.117856,0.999614,2.9892,0.00428701
1500,15,0.968071,0.118114,0.999613,2.98886,0.00434012
1510,15.1,0.968244,0.117684,0.999611,2.98965,0.00434303
1520,15.2,0.968051,0.118179,0.999607,2.98894,0.00428527
1530,15.3,0.968138,0.117887,0.999605,2.98918,0.0041703
1540,15.4,0.968164,0.117722,0.999601,2.98967,0.00401522
1550,15.5,0.968153,0.11775,0.9996,2.9896,0.00384663
1560,15.6,0.968199,0.117759,0.999598,2.99009,0.00382036
1570,15.7,0.968151,0.117809,0.999596,2.99011,0.0038176
1580,15.8,0.968198,0.117873,0.999593,2.99179,0.00382862
1590,15.9,0.968113,0.118041,0.999591,2.99083,0.0038185
1600,16,0.968123,0.117847,0.999589,2.99069,0.00377498
1610,16.1,0.968126,0.117856,0.999586,2.99102,0.00381162
1620,16.2,0.968223,0.117757,0.999583,2.99256,0.00396059
1630,16.3,0.968179,0.117779,0.999581,2.99218,0.00408884
1640,16.4,0.968163,0.117815,0.999577,2.99191,0.00416722
1650,16.5,0.968016,0.118372,0.999575,2.99197,0.00417544
1660,16.6,0.968124,0.117927,0.999572,2.99249,0.00410873
1670,16.7,0.968164,0.117647,0.99957,2.9923,0.00397615
1680,16.8,0.968196,0.117736,0.999568,2.99288,0.00380015
1690,16.9,0.968169,0.117833,0.999566,2.99347,0.00361153
1700,17,0.968019,0.118146,0.999563,2.99302,0.0035537
1710,17.1,0.968207,0.117543,0.999559,2.9934,0.00352904
1720,17.2,0.968182,0.117746,0.999559,2.99315,0.00348229
1730,17.3,0.968212,0.117605,0.999556,2.9934,0.00345255
1740,17.4,0.968245,0.117458,0.999553,2.99392,0.00341378
1750,17.5,0.968233,0.117754,0.999552,2.99391,0.00351226
1760,17.6,0.968056,0.11811,0.999549,2.9932,0.00364784
1770,17.7,0.968223,0.117641,0.999548,2.99354,0.0037625
1780,17.8,0.968302,0.117442,0.999543,2.99384,0.00383008
1790,17.9,0.968201,0.117722,0.999542,2.99363,0.00383575
1800,18,0.968212,0.117752,0.99954,2.99391,0.0037784
1810,18.1,0.968235,0.117587,0.999537,2.99363,0.00366721
1820,18.2,0.968072,0.118113,0.999533,2.99321,0.00352488
1830,18.3,0.968184,0.117793,0.999531,2.99362,0.00337896
1840,18.4,0.968117,0.117973,0.99953,2.99294,0.00325633
1850,18.5,0.968279,0.117401,0.999527,2.99357,0.00321884
1860,18.6,0.96814,0.117842,0.999523,2.99343,0.00317994
1870,18.7,0.968216,0.117782,0.999521,2.99351,0.00320294
1880,18.8,0.968126,0.118108,0.999519,2.99363,0.00328472
1890,18.9,0.968182,0.117707,0.999517,2.99264,0.00338831
1900,19,0.968162,0.117767,0.999514,2.99245,0.00348831
1910,19.1,0.968172,0.117777,0.999513,2.99298,0.0035592
1920,19.2,0.968214,0.117797,0.99951,2.99314,0.00358176
1930,19.3,0.968197,0.117618,0.999507,2.9926,0.0035483
1940,19.4,0.968259,0.117581,0.999505,2.99315,0.00346019
1950,19.5,0.968229,0.117748,0.999502,2.99341,0.00333384
1960,19.6,0.968164,0.117941,0.999501,2.99217,0.00319554
1970,19.7,0.968176,0.117781,0.999498,2.99209,0.00307315
1980,19.8,0.968229,0.117748,0.999495,2.99318,0.00303219
1990,19.9,0.968149,0.118005,0.999492,2.9932,0.00303503
2000,20,0.968159,0.117702,0.999488,2.99239,0.0030148
2010,20.1,0.9682,0.117727,0.999485,2.99206,0.00308743
2020,20.2,0.968194,0.117577,0.999485,2.99174,0.0032048
2030,20.3,0.968211,0.117728,0.999481,2.99185,0.00332635
2040,20.4,0.968191,0.117803,0.999479,2.9913,0.00342466
2050,20.5,0.968276,0.117637,0.999478,2.99237,0.00347586
2060,20.6,0.968103,0.117845,0.999475,2.99098,0.00346534
2070,20.7,0.968229,0.117513,0.999472,2.99099,0.00339155
2080,20.8,0.968154,0.117919,0.99947,2.99153,0.00326779
2090,20.9,0.968136,0.117795,0.999466,2.99014,0.00311513
2100,21,0.968175,0.117749,0.999465,2.99036,0.0029625
2110,21.1,0.968165,0.117732,0.999464,2.99038,0.00287272
2120,21.2,0.968336,0.11742,0.99946,2.99117,0.00284496
2130,21.3,0.968254,0.117538,0.999458,2.99084,0.00283223
2140,21.4,0.968191,0.117596,0.999454,2.99069,0.00281327
2150,21.5,0.968296,0.117488,0.99945,2.99118,0.00290559
2160,21.6,0.968161,0.11786,0.999448,2.9913,0.00303168
2170,21.7,0.967998,0.118382,0.999448,2.99048,0.00315406
2180,21.8,0.968205,0.11782,0.999443,2.99092,0.00324667
2190,21.9,0.968136,0.117882,0.99944,2.99131,0.00328891
2200,22,0.968083,0.117956,0.999441,2.99018,0.00327152
2210,22.1,0.968156,0.117763,0.999434,2.99082,0.00319796
2220,22.2,0.968287,0.117651,0.999432,2.99118,0.00308111
2230,22.3,0.968114,0.117766,0.999431,2.99164,0.00294304
2240,22.4,0.968138,0.117881,0.999429,2.99106,0.00281041
2250,22.5,0.968164,0.117792,0.999425,2.99185,0.00270843
2260,22.6,0.968174,0.117813,0.999423,2.99237,0.00265415
2270,22.7,0.968189,0.117708,0.999421,2.99201,0.00265575
2280,22.8,0.968249,0.117517,0.999415,2.99291,0.00270967
2290,22.9,0.968148,0.117798,0.999417,2.99239,0.00280051
2300,23,0.968188,0.117716,0.999415,2.99305,0.00290593
2310,23.1,0.968282,0.117451,0.99941,2.99324,0.00300035
2320,23.2,0.968273,0.117585,0.999406,2.99333,0.00306122
2330,23.3,0.968089,0.117867,0.999407,2.99329,0.00307537
2340,23.4,0.968193,0.117688,0.999401,2.9935,0.00303693
2350,23.5,0.968269,0.117676,0.999398,2.99371,0.00295436
2360,23.6,0.968191,0.117912,0.999399,2.99437,0.00284406
2370,23.7,0.968162,0.117871,0.999394,2.99381,0.00272612
2380,23.8,0.968173,0.117701,0.999394,2.99436,0.00262552
2390,23.9,0.968193,0.117947,0.999391,2.99482,0.00256086
2400,24,0.968082,0.117952,0.999386,2.99401,0.00254206
2410,24.1,0.968267,0.117563,0.999384,2.99497,0.0025731
2420,24.2,0.968276,0.117527,0.999382,2.99479,0.00264594
2430,24.3,0.968271,0.117567,0.999378,2.99461,0.0027423
2440,24.4,0.968064,0.117876,0.999378,2.99504,0.00283701
2450,24.5,0.968147,0.117912,0.999373,2.99481,0.00290889
2460,24.6,0.968132,0.117972,0.999371,2.99481,0.00293907
2470,24.7,0.968202,0.117773,0.999369,2.99509,0.00291907
2480,24.8,0.968226,0.117576,0.999366,2.99543,0.00284889
2490,24.9,0.968174,0.117765,0.999363,2.99541,0.00274119
2500,25,0.967983,0.11825,0.999361,2.99496,0.00261645
2510,25.1,0.968168,0.117823,0.999358,2.9953,0.00249984
2520,25.2,0.968229,0.117798,0.999355,2.99579,0.00241403
2530,25.3,0.967975,0.118285,0.999354,2.99499,0.00237579
2540,25.4,0.968175,0.117845,0.99935,2.99529,0.00239151
2550,25.5,0.96833,0.117404,0.999346,2.99581,0.00245631
2560,25.6,0.968206,0.117724,0.999347,2.99513,0.00255509
2570,25.7,0.968273,0.117627,0.999343,2.99525,0.00266893
2580,25.8,0.968243,0.117519,0.999342,2.99545,0.0027726
2590,25.9,0.968244,0.117738,0.999338,2.99591,0.00284161
2600,26,0.968078,0.117806,0.999334,2.99513,0.00285836
2610,26.1,0.968127,0.117897,0.999334,2.9952,0.00282018
2620,26.2,0.96818,0.117789,0.999332,2.99552,0.00273386
2630,26.3,0.968287,0.1175,0.999328,2.99542,0.00261475
2640,26.4,0.968063,0.117989,0.999324,2.99557,0.00248505
2650,26.5,0.968206,0.117638,0.999324,2.99546,0.00236941
2660,26.6,0.968185,0.117763,0.999318,2.99487,0.002287
2670,26.7,0.968175,0.117687,0.999319,2.99482,0.00226375
2680,26.8,0.968222,0.11764,0.999315,2.9946,0.00226904
2690,26.9,0.968118,0.117949,0.999313,2.99423,0.00233172
2700,27,0.968184,0.117849,0.999309,2.99317,0.00242439
2710,27.1,0.968169,0.117868,0.999306,2.9922,0.00252433
2720,27.2,0.968145,0.11785,0.999305,2.99133,0.00260875
2730,27.3,0.968311,0.117592,0.999304,2.99053,0.00265764
2740,27.4,0.968139,0.117775,0.999299,2.98927,0.0026626
2750,27.5,0.968213,0.117664,0.999297,2.98798,0.00262043
2760,27.6,0.96812,0.117834,0.999297,2.98666,0.00253878
2770,27.7,0.96816,0.117757,0.999291,2.98511,0.00243546
2780,27.8,0.968162,0.11774,0.999287,2.98381,0.00233113
2790,27.9,0.968098,0.117956,0.999287,2.98176,0.00224643
2800,28,0.96815,0.117724,0.999284,2.98008,0.00220742
2810,28.1,0.968228,0.117719,0.999282,2.97818,0.00222018
2820,28.2,0.968065,0.117981,0.999278,2.97633,0.00226456
2830,28.3,0.968165,0.117697,0.999276,2.97398,0.00230338
2840,28.4,0.968164,0.117871,0.999273,2.97104,0.00238917
2850,28.5,0.968185,0.117737,0.999272,2.96842,0.002468
2860,28.6,0.968093,0.117997,0.999267,2.96443,0.0025203
2870,28.7,0.968164,0.117688,0.999265,2.96165,0.00253354
2880,28.8,0.968024,0.118084,0.999263,2.9572,0.00250443
2890,28.9,0.96821,0.117829,0.99926,2.95331,0.00243753
2900,29,0.967991,0.118308,0.999257,2.94763,0.00234375
2910,29.1,0.968174,0.11779,0.999254,2.94301,0.00224122
2920,29.2,0.96821,0.117829,0.999251,2.93701,0.00214959
2930,29.3,0.968119,0.11818,0.999248,2.92987,0.0021106
2940,29.4,0.968144,0.117816,0.999247,2.92326,0.00215325
2950,29.5,0.968132,0.11785,0.999245,2.91481,0.00220482
2960,29.6,0.968238,0.117741,0.999241,2.90706,0.00224421
2970,29.7,0.968095,0.117969,0.999238,2.89721,0.0022685
2980,29.8,0.96814,0.117876,0.999237,2.88791,0.00230829
2990,29.9,0.968217,0.117831,0.999234,2.87785,0.00237468
3000,30,0.96811,0.117999,0.99923,2.86773,0.00241261
3010,30.1,0.968211,0.1177,0.999227,2.85661,0.00246622
3020,30.2,0.968114,0.11806,0.999227,2.84517,0.00249776
3030,30.3,0.968151,0.1178,0.999225,2.8342,0.00250522
3040,30.4,0.968088,0.118038,0.999222,2.82328,0.0024875
3050,30.5,0.968214,0.117619,0.999218,2.81325,0.00244527
3060,30.6,0.968117,0.117884,0.999218,2.80191,0.0023803
3070,30.7,0.968119,0.117962,0.999213,2.79198,0.00232872
3080,30.8,0.967999,0.118238,0.999211,2.78257,0.00229949
3090,30.9,0.96826,0.117633,0.99921,2.77471,0.00225196
3100,31,0.968145,0.117826,0.999205,2.76667,0.00219114
3110,31.1,0.968294,0.117408,0.999206,2.76076,0.00212178
3120,31.2,0.968213,0.117534,0.999202,2.75491,0.00219588
3130,31.3,0.96823,0.117387,0.999199,2.75089,0.00224802
3140,31.4,0.968183,0.117802,0.999196,2.74665,0.00226511
3150,31.5,0.968168,0.11776,0.999194,2.7445,0.00224127
3160,31.6,0.968127,0.117918,0.999192,2.74334,0.00218123
3170,31.7,0.968251,0.117626,0.999191,2.74416,0.00209792
3180,31.8,0.968145,0.117734,0.999187,2.74456,0.00205164
3190,31.9,0.968193,0.117711,0.999185,2.74685,0.00207253
3200,32,0.968232,0.11771,0.999181,2.74978,0.00210195
3210,32.1,0.968051,0.118041,0.99918,2.7532,0.00213112
3220,32.2,0.968002,0.118307,0.999177,2.75701,0.00215311
3230,32.3,0.968162,0.117813,0.999174,2.76269,0.00216771
3240,32.4,0.968184,0.117759,0.99917,2.76822,0.00218616
3250,32.5,0.968005,0.118267,0.999169,2.77353,0.00220779
3260,32.6,0.968198,0.117657,0.999165,2.78056,0.00222091
3270,32.7,0.968241,0.117564,0.999163,2.7874,0.00222631
3280,32.8,0.968134,0.118003,0.999161,2.79335,0.00224391
3290,32.9,0.968,0.11833,0.999159,2.79949,0.00225708
3300,33,0.968155,0.117818,0.999156,2.80725,0.00226084
3310,33.1,0.968012,0.118291,0.999156,2.81293,0.00225674
3320,33.2,0.968191,0.117693,0.99915,2.82037,0.00226079
3330,33.3,0.968053,0.118279,0.999147,2.82605,0.00226256
3340,33.4,0.96817,0.117771,0.999145,2.83286,0.00225413
3350,33.5,0.96817,0.117886,0.999143,2.83839,0.00223791
3360,33.6,0.96815,0.117787,0.999139,2.84398,0.00224876
3370,33.7,0.968199,0.117698,0.999135,2.84964,0.00224942
3380,33.8,0.968126,0.11765,0.999133,2.85419,0.00225989
3390,33.9,0.968199,0.117781,0.999132,2.85813,0.0022917
3400,34,0.968366,0.117373,0.99913,2.86289,0.00230947
3410,34.1,0.968296,0.117411,0.999128,2.86619,0.00232004
3420,34.2,0.968029,0.118167,0.999124,2.86838,0.00237696
3430,34.3,0.968138,0.117898,0.999121,2.87194,0.00242141
3440,34.4,0.968288,0.11748,0.999121,2.87536,0.00245115
3450,34.5,0.96803,0.118171,0.999116,2.87701,0.00246505
3460,34.6,0.968036,0.118182,0.999115,2.8798,0.0024632
3470,34.7,0.968125,0.117883,0.999111,2.8829,0.00251669
3480,34.8,0.968177,0.117872,0.999109,2.88543,0.00256461
3490,34.9,0.968106,0.117932,0.999107,2.88775,0.00259568
3500,35,0.96827,0.117623,0.999104,2.89024,0.00260887
3510,35.1,0.968137,0.117785,0.999099,2.89195,0.00260448
3520,35.2,0.968121,0.117818,0.999098,2.8943,0.00258408
3530,35.3,0.968121,0.11798,0.999095,2.89578,0.00263823
3540,35.4,0.968209,0.117677,0.999093,2.89814,0.00267421
3550,35.5,0.968013,0.118201,0.999092,2.89938,0.00269089
3560,35.6,0.968181,0.117904,0.999088,2.90132,0.00268852
3570,35.7,0.968184,0.117699,0.999089,2.90329,0.0026687
3580,35.8,0.968317,0.117365,0.999083,2.90536,0.00264162
3590,35.9,0.968064,0.118139,0.99908,2.90636,0.00269673
3600,36,0.96815,0.117824,0.999079,2.9083,0.00274086
3610,36.1,0.968169,0.117765,0.999076,2.90978,0.00277116
3620,36.2,0.968138,0.117792,0.999074,2.91149,0.00278561
3630,36.3,0.968143,0.117879,0.999069,2.91298,0.00278335
3640,36.4,0.968066,0.118108,0.999066,2.91426,0.00276484
3650,36.5,0.96812,0.117772,0.999064,2.91535,0.00273177
3660,36.6,0.968224,0.117668,0.999061,2.91678,0.00275483
3670,36.7,0.968115,0.117975,0.999061,2.91802,0.00278545
3680,36.8,0.968196,0.117828,0.999056,2.91933,0.00279877
3690,36.9,0.968016,0.118194,0.999055,2.92019,0.00279474
3700,37,0.968159,0.117815,0.999051,2.92145,0.00277463
3710,37.1,0.968208,0.11767,0.99905,2.92265,0.00274077
3720,37.2,0.968157,0.117697,0.999046,2.92363,0.00269601
3730,37.3,0.968177,0.117851,0.999043,2.92454,0.00270367
3740,37.4,0.968144,0.117853,0.999039,2.92567,0.0027138
3750,37.5,0.968188,0.117823,0.999039,2.92681,0.00270906
3760,37.6,0.968158,0.117621,0.999037,2.92775,0.0026914
3770,37.7,0.968122,0.117813,0.999036,2.92867,0.00267841
3780,37.8,0.968108,0.117999,0.99903,2.92992,0.00265898
3790,37.9,0.968153,0.117801,0.999028,2.93051,0.00263548
3800,38,0.968173,0.117892,0.999025,2.93138,0.00267742
3810,38.1,0.968147,0.117935,0.999024,2.93243,0.00270198
3820,38.2,0.968178,0.117758,0.99902,2.93332,0.00270604
3830,38.3,0.96816,0.117727,0.999018,2.93415,0.00268769
3840,38.4,0.968206,0.117743,0.999017,2.93524,0.00264601
3850,38.5,0.968165,0.117706,0.999015,2.93574,0.00268335
3860,38.6,0.968168,0.117894,0.999011,2.93635,0.00271867
3870,38.7,0.968288,0.117567,0.999007,2.93727,0.00273375
3880,38.8,0.96816,0.117648,0.999005,2.93845,0.00272596
3890,38.9,0.968065,0.117965,0.999003,2.93868,0.00269381
3900,39,0.968169,0.117809,0.999001,2.93956,0.00263675
3910,39.1,0.968142,0.117866,0.998999,2.94019,0.0026745
3920,39.2,0.968203,0.117754,0.998995,2.94099,0.00270569
3930,39.3,0.968181,0.117853,0.998993,2.94182,0.00271557
3940,39.4,0.968059,0.118132,0.998989,2.94213,0.00270172
3950,39.5,0.968127,0.117903,0.998988,2.94259,0.00266275
3960,39.6,0.968181,0.117766,0.998984,2.94309,0.00260674
3970,39.7,0.968124,0.117856,0.998982,2.94361,0.00265317
3980,39.8,0.968218,0.117796,0.998981,2.9442,0.00268168
3990,39.9,0.96801,0.118203,0.998978,2.94418,0.00268893
4000,40,0.968136,0.11793,0.998973,2.94435,0.00267253
4010,40.1,0.968197,0.117742,0.998972,2.94473,0.00263098
4020,40.2,0.968108,0.117998,0.99897,2.9452,0.00262102
4030,40.3,0.968237,0.117643,0.998968,2.94499,0.00264616
4040,40.4,0.96808,0.117939,0.998966,2.94538,0.00264766
4050,40.5,0.968178,0.117672,0.998963,2.9454,0.00263431
4060,40.6,0.96828,0.117489,0.998956,2.94523,0.002621
4070,40.7,0.968149,0.117835,0.998956,2.94515,0.00262041
4080,40.8,0.968212,0.117542,0.998952,2.94528,0.00275653
4090,40.9,0.968251,0.117428,0.998952,2.94554,0.00290061
4100,41,0.968207,0.117892,0.998948,2.94488,0.00301313
4110,41.1,0.968162,0.117792,0.998946,2.94462,0.00309101
4120,41.2,0.968151,0.1178,0.998945,2.94458,0.00313399
4130,41.3,0.968218,0.117893,0.998941,2.9441,0.00314465
4140,41.4,0.967963,0.118302,0.998939,2.94368,0.00312825
4150,41.5,0.968284,0.117763,0.998936,2.94348,0.00322105
4160,41.6,0.968223,0.117682,0.998932,2.9432,0.00337277
4170,41.7,0.968211,0.117633,0.998929,2.94268,0.00348681
4180,41.8,0.968159,0.117824,0.998929,2.94191,0.00355887
4190,41.9,0.968263,0.117587,0.998925,2.94087,0.00358737
4200,42,0.968162,0.117816,0.99892,2.94029,0.00357338
4210,42.1,0.968149,0.117793,0.998921,2.94016,0.00352037
4220,42.2,0.968206,0.117582,0.998919,2.93897,0.00367703
4230,42.3,0.968182,0.117724,0.998916,2.93818,0.00385218
4240,42.4,0.968267,0.117657,0.998914,2.93672,0.00398295
4250,42.5,0.96818,0.117769,0.998909,2.93613,0.00406375
4260,42.6,0.968154,0.117596,0.998907,2.93563,0.00409189
4270,42.7,0.9682,0.117652,0.998905,2.93402,0.00406747
4280,42.8,0.968161,0.117832,0.998903,2.93281,0.00406223
4290,42.9,0.968185,0.117736,0.998899,2.93108,0.00430119
4300,43,0.968202,0.117737,0.998898,2.92975,0.00451964
4310,43.1,0.968149,0.117754,0.998894,2.92857,0.00471152
4320,43.2,0.968229,0.117617,0.998892,2.92732,0.0048704
4330,43.3,0.96811,0.117879,0.99889,2.92601,0.00499284
4340,43.4,0.968162,0.117789,0.998887,2.92395,0.00507694
4350,43.5,0.968209,0.117599,0.998886,2.92296,0.00512217
4360,43.6,0.968133,0.117854,0.998883,2.92145,0.00532053
4370,43.7,0.967998,0.118283,0.99888,2.91918,0.00558591
4380,43.8,0.968167,0.117866,0.998876,2.91857,0.00581223
4390,43.9,0.968156,0.117786,0.998877,2.91807,0.0059864
4400,44,0.968047,0.118109,0.998874,2.91513,0.00609882
4410,44.1,0.968166,0.117847,0.998869,2.91517,0.00614192
4420,44.2,0.968138,0.117864,0.998868,2.91383,0.00611191
4430,44.3,0.968186,0.117807,0.998867,2.91316,0.00600961
4440,44.4,0.968044,0.118103,0.998866,2.91139,0.00583929
4450,44.5,0.968144,0.117873,0.998858,2.91154,0.00565403
4460,44.6,0.968184,0.117668,0.998857,2.91294,0.00576931
4470,44.7,0.968175,0.117739,0.998853,2.91244,0.00580446
4480,44.8,0.968018,0.118316,0.998852,2.91177,0.00575017
4490,44.9,0.968214,0.117728,0.99885,2.91197,0.00560487
4500,45,0.968251,0.1177,0.998847,2.91376,0.00537107
4510,45.1,0.968034,0.118238,0.998845,2.91325,0.00506029
4520,45.2,0.968212,0.117699,0.998844,2.91475,0.00468806
4530,45.3,0.968176,0.11766,0.998841,2.91558,0.00427845
4540,45.4,0.968116,0.117944,0.998839,2.91643,0.00385633
4550,45.5,0.968001,0.118315,0.998836,2.91579,0.00370423
4560,45.6,0.968162,0.117803,0.998834,2.91855,0.00361604
4570,45.7,0.968146,0.117807,0.998829,2.91947,0.00349187
4580,45.8,0.968121,0.118079,0.998828,2.92035,0.00351604
4590,45.9,0.968258,0.11761,0.998822,2.92253,0.00357541
4600,46,0.968223,0.117786,0.998824,2.92388,0.00360902
4610,46.1,0.968159,0.11788,0.998817,2.92447,0.00361752
4620,46.2,0.968195,0.117732,0.998817,2.92511,0.0036016
4630,46.3,0.968193,0.117741,0.998815,2.92684,0.00356163
4640,46.4,0.968012,0.118212,0.998809,2.9267,0.00349749
4650,46.5,0.968274,0.117555,0.998812,2.92896,0.00340875
4660,46.6,0.968195,0.117709,0.998807,2.92968,0.00332633
4670,46.7,0.96814,0.117982,0.998805,2.9309,0.00336441
4680,46.8,0.968121,0.117859,0.998801,2.93154,0.00349537
4690,46.9,0.968171,0.117759,0.998799,2.93308,0.00360129
4700,47,0.968239,0.117574,0.998798,2.93414,0.00367424
4710,47.1,0.968214,0.11773,0.998793,2.93515,0.00370697
4720,47.2,0.968112,0.117833,0.998794,2.93572,0.0036936
4730,47.3,0.968186,0.117662,0.99879,2.93658,0.00363041
4740,47.4,0.968135,0.118103,0.99879,2.93698,0.00351653
4750,47.5,0.968173,0.117716,0.998786,2.93836,0.00335444
4760,47.6,0.968046,0.118199,0.998785,2.93878,0.00315003
4770,47.7,0.968153,0.117845,0.998781,2.93945,0.00315876
4780,47.8,0.968096,0.117752,0.998778,2.93956,0.00321152
4790,47.9,0.968259,0.117524,0.998778,2.94127,0.00322814
4800,48,0.968152,0.117774,0.998775,2.94135,0.00320302
4810,48.1,0.968154,0.117814,0.99877,2.94187,0.00313286
4820,48.2,0.968123,0.117851,0.998767,2.94219,0.00301735
4830,48.3,0.968168,0.117743,0.998766,2.94319,0.00288984
4840,48.4,0.968061,0.117946,0.998764,2.94304,0.00285628
4850,48.5,0.968203,0.117564,0.99876,2.9439,0.00279781
4860,48.6,0.968296,0.117435,0.998758,2.94562,0.00279735
4870,48.7,0.96827,0.117704,0.998756,2.94645,0.00279645
4880,48.8,0.968051,0.118244,0.998755,2.94556,0.00276429
4890,48.9,0.968119,0.117885,0.99875,2.94628,0.00270583
4900,49,0.968148,0.117795,0.998749,2.9468,0.00267505
4910,49.1,0.968268,0.117606,0.998745,2.94799,0.00262851
4920,49.2,0.968011,0.11811,0.998745,2.94732,0.00256611
4930,49.3,0.968024,0.118204,0.998742,2.94815,0.00258947
4940,49.4,0.968162,0.117833,0.99874,2.94952,0.00262535
4950,49.5,0.968191,0.117656,0.998738,2.95015,0.00262904
4960,49.6,0.968161,0.117843,0.998734,2.95098,0.00259665
4970,49.7,0.968227,0.11773,0.998733,2.95182,0.00252685
4980,49.8,0.968143,0.117605,0.998729,2.95221,0.00251841
4990,49.9,0.968226,0.117609,0.998727,2.95326,0.00256672
5000,50,0.96803,0.118221,0.998726,2.95333,0.00263145
5010,50.1,0.968169,0.117797,0.998723,2.95419,0.00267362
5020,50.2,0.968155,0.117914,0.998718,2.95506,0.00268881
5030,50.3,0.968233,0.117645,0.998717,2.9563,0.00267372
5040,50.4,0.968099,0.11785,0.998714,2.95645,0.00262651
5050,50.5,0.968195,0.117582,0.998713,2.95728,0.00254705
5060,50.6,0.968199,0.117771,0.99871,2.95826,0.00259187
5070,50.7,0.96807,0.118152,0.998707,2.9584,0.0026432
5080,50.8,0.96819,0.117742,0.998705,2.95936,0.00267345
5090,50.9,0.968175,0.117796,0.998704,2.95976,0.00267897
5100,51,0.968153,0.117951,0.998702,2.96001,0.00265704
5110,51.1,0.968248,0.117656,0.998699,2.9608,0.00260616
5120,51.2,0.968191,0.117865,0.998697,2.96098,0.00253462
5130,51.3,0.968078,0.117827,0.998693,2.96124,0.00260165
5140,51.4,0.968098,0.117886,0.998691,2.96179,0.00265027
5150,51.5,0.968129,0.117912,0.998689,2.96205,0.00267618
5160,51.6,0.968144,0.117729,0.998685,2.96254,0.00267606
5170,51.7,0.96815,0.117782,0.998684,2.96282,0.00264789
5180,51.8,0.968234,0.117682,0.99868,2.96324,0.00259109
5190,51.9,0.968107,0.117895,0.99868,2.9634,0.00250653
5200,52,0.968211,0.117568,0.998675,2.96367,0.0025398
5210,52.1,0.968166,0.117772,0.998673,2.96388,0.00258491
5220,52.2,0.968221,0.117783,0.998672,2.96425,0.00261276
5230,52.3,0.968108,0.117923,0.998668,2.96435,0.0026197
5240,52.4,0.968203,0.117637,0.998666,2.96463,0.00260281
5250,52.5,0.968133,0.11787,0.998662,2.96465,0.00256023
5260,52.6,0.968147,0.117779,0.998661,2.96487,0.00249142
5270,52.7,0.96818,0.117749,0.998658,2.96497,0.00249672
5280,52.8,0.968205,0.117652,0.998656,2.96536,0.00254527
5290,52.9,0.968264,0.117411,0.998652,2.96551,0.00257858
5300,53,0.968169,0.117738,0.998651,2.96545,0.00259342
5310,53.1,0.968165,0.117804,0.998649,2.96565,0.00258721
5320,53.2,0.968071,0.118034,0.998645,2.96574,0.00255822
5330,53.3,0.968159,0.117869,0.998642,2.96599,0.00250571
5340,53.4,0.96815,0.117777,0.99864,2.96631,0.00242995
5350,53.5,0.968277,0.117471,0.998638,2.96695,0.00245683
5360,53.6,0.968011,0.118348,0.998635,2.9666,0.00250232
5370,53.7,0.968209,0.117672,0.998632,2.96715,0.002536
5380,53.8,0.968217,0.117802,0.998632,2.96751,0.00255407
5390,53.9,0.968034,0.118066,0.998628,2.96768,0.00255315
5400,54,0.968197,0.117686,0.998625,2.96813,0.00253062
5410,54.1,0.9682,0.117785,0.998621,2.96844,0.00248493
5420,54.2,0.9683,0.117508,0.99862,2.96884,0.00241578
5430,54.3,0.96812,0.117932,0.998618,2.96863,0.00242843
5440,54.4,0.968081,0.118014,0.998614,2.96884,0.00247547
5450,54.5,0.968023,0.11813,0.998613,2.969,0.00251229
5460,54.6,0.968135,0.117913,0.99861,2.96924,0.00253572
5470,54.7,0.968251,0.117622,0.998609,2.96979,0.00254276
5480,54.8,0.968212,0.117657,0.998606,2.96974,0.00253085
5490,54.9,0.968253,0.117537,0.998603,2.97007,0.00249803
5500,55,0.968197,0.117674,0.998598,2.97006,0.00244321
5510,55.1,0.96826,0.117692,0.998596,2.97031,0.00243437
5520,55.2,0.968213,0.117789,0.998593,2.97046,0.00248339
5530,55.3,0.968034,0.118166,0.998592,2.97025,0.00252389
5540,55.4,0.968093,0.117947,0.99859,2.97039,0.0025521
5550,55.5,0.968246,0.117666,0.998587,2.97084,0.00256449
5560,55.6,0.968048,0.1183,0.998585,2.9703,0.00255812
5570,55.7,0.968218,0.117645,0.998583,2.97073,0.0025309
5580,55.8,0.968157,0.117762,0.998581,2.97052,0.0024818
5590,55.9,0.96808,0.117993,0.998577,2.97052,0.00241083
5600,56,0.968211,0.117789,0.998575,2.9705,0.00241175
5610,56.1,0.968119,0.117873,0.998574,2.97049,0.00246081
5620,56.2,0.968309,0.117356,0.998569,2.9707,0.00250132
5630,56.3,0.968149,0.117797,0.998568,2.97028,0.00251555
5640,56.4,0.968193,0.117759,0.998564,2.97016,0.00250243
5650,56.5,0.968091,0.117889,0.998563,2.97015,0.00248896
5660,56.6,0.968017,0.118147,0.998558,2.97001,0.00246796
5670,56.7,0.968171,0.117844,0.998558,2.97,0.00242738
5680,56.8,0.968198,0.117756,0.998558,2.96995,0.00239648
5690,56.9,0.968062,0.117921,0.998553,2.97004,0.00243563
5700,57,0.96822,0.117618,0.998553,2.96991,0.00247185
5710,57.1,0.968215,0.117661,0.99855,2.96978,0.00250199
5720,57.2,0.968196,0.11771,0.998546,2.96984,0.00252248
5730,57.3,0.968148,0.117822,0.998541,2.96929,0.00252966
5740,57.4,0.968182,0.117837,0.998539,2.96894,0.00251999
5750,57.5,0.968097,0.117654,0.998536,2.96889,0.00249037
5760,57.6,0.96819,0.117707,0.998537,2.96872,0.00243832
5770,57.7,0.968132,0.117924,0.998532,2.96916,0.00240804
5780,57.8,0.968244,0.117643,0.99853,2.96871,0.00245621
5790,57.9,0.968043,0.118296,0.998527,2.9677,0.00250423
5800,58,0.968203,0.117702,0.998527,2.96747,0.00254688
5810,58.1,0.968118,0.117999,0.998523,2.96817,0.00259481
5820,58.2,0.968138,0.117813,0.998522,2.96673,0.00266131
5830,58.3,0.968109,0.117874,0.998521,2.96648,0.00281804
5840,58.4,0.96829,0.11752,0.998515,2.96704,0.00301349
5850,58.5,0.968036,0.118203,0.998514,2.96551,0.00318983
5860,58.6,0.968174,0.117719,0.998513,2.96556,0.00334211
5870,58.7,0.968042,0.118119,0.998508,2.96432,0.00355079
5880,58.8,0.968076,0.118023,0.998505,2.9638,0.00386387
5890,58.9,0.968324,0.117469,0.998502,2.96412,0.00419852
5900,59,0.968221,0.117731,0.998502,2.96407,0.00453324
5910,59.1,0.967995,0.118254,0.9985,2.96232,0.00484947
5920,59.2,0.968079,0.118039,0.998496,2.9614,0.00513316
5930,59.3,0.968221,0.117731,0.998494,2.96235,0.00537838
5940,59.4,0.968038,0.118159,0.998494,2.96032,0.0055856
5950,59.5,0.968293,0.11751,0.998489,2.96045,0.0057664
5960,59.6,0.968159,0.117743,0.998485,2.95887,0.00594026
5970,59.7,0.968194,0.117854,0.998484,2.95974,0.00632202
5980,59.8,0.968207,0.117676,0.998481,2.95848,0.00677751
5990,59.9,0.968159,0.117704,0.998478,2.95792,0.00718793
6000,60,0.968237,0.117633,0.998479,2.95611,0.00754092
6010,60.1,0.968286,0.117489,0.998475,2.9568,0.00783559
6020,60.2,0.968176,0.1177,0.998473,2.95598,0.00808457
6030,60.3,0.968116,0.117993,0.99847,2.95794,0.00830763
6040,60.4,0.96819,0.117734,0.998468,2.95438,0.00869616
6050,60.5,0.968151,0.117908,0.998465,2.95369,0.00907271
6060,60.6,0.968068,0.118166,0.998461,2.95181,0.00939621
6070,60.7,0.968079,0.118119,0.998461,2.95122,0.00966274
6080,60.8,0.968159,0.117712,0.998457,2.95175,0.0100751
6090,60.9,0.968213,0.117576,0.998454,2.95176,0.0106408
6100,61,0.968141,0.117932,0.998451,2.95446,0.0112285
6110,61.1,0.968072,0.118084,0.998449,2.95017,0.0118004
6120,61.2,0.968116,0.117967,0.998446,2.94793,0.0123125
6130,61.3,0.968234,0.117771,0.998445,2.95009,0.0127337
6140,61.4,0.9681,0.117912,0.998442,2.94889,0.0130519
6150,61.5,0.968223,0.117686,0.998441,2.94785,0.0132706
6160,61.6,0.96826,0.117441,0.998434,2.94637,0.0134158
6170,61.7,0.96818,0.117866,0.998435,2.94693,0.0135311
6180,61.8,0.968135,0.117785,0.998431,2.94659,0.0136516
6190,61.9,0.968186,0.117721,0.99843,2.94725,0.0137936
6200,62,0.968247,0.117649,0.998425,2.95079,0.0139623
6210,62.1,0.968185,0.117833,0.998426,2.9498,0.0141465
6220,62.2,0.968198,0.117669,0.998422,2.95076,0.0143032
6230,62.3,0.968225,0.117601,0.998419,2.95266,0.0143842
6240,62.4,0.968193,0.117827,0.998419,2.95348,0.0143436
6250,62.5,0.968072,0.118213,0.998415,2.95375,0.0141443
6260,62.6,0.968176,0.117726,0.998411,2.9561,0.0137667
6270,62.7,0.968152,0.117844,0.998409,2.95666,0.0132155
6280,62.8,0.968116,0.117811,0.998408,2.9596,0.0125215
6290,62.9,0.968258,0.117615,0.998403,2.96016,0.0117358
6300,63,0.968136,0.117826,0.9984,2.96141,0.0109272
6310,63.1,0.968106,0.11792,0.9984,2.96455,0.0101621
6320,63.2,0.968113,0.117849,0.998397,2.96568,0.009495
6330,63.3,0.968153,0.117882,0.998393,2.96652,0.00896061
6340,63.4,0.968023,0.118121,0.998391,2.96703,0.00856732
6350,63.5,0.968177,0.11783,0.99839,2.96916,0.00829209
6360,63.6,0.968142,0.117742,0.998385,2.96936,0.0080988
6370,63.7,0.968102,0.118095,0.998384,2.97121,0.00794831
6380,63.8,0.968192,0.117725,0.998378,2.97096,0.00780478
6390,63.9,0.968206,0.11768,0.998377,2.97142,0.00763559
6400,64,0.968321,0.117458,0.998374,2.97276,0.00742683
6410,64.1,0.968015,0.118219,0.998374,2.97117,0.00718369
6420,64.2,0.968268,0.117497,0.998372,2.97248,0.00692416
6430,64.3,0.968177,0.117623,0.998369,2.97197,0.00667645
6440,64.4,0.968279,0.117632,0.998365,2.97243,0.00646881
6450,64.5,0.968174,0.117758,0.998363,2.97213,0.00632073
6460,64.6,0.968164,0.11771,0.99836,2.97187,0.00623766
6470,64.7,0.968195,0.11783,0.998355,2.97361,0.00620923
6480,64.8,0.968051,0.118182,0.998353,2.97246,0.00621023
6490,64.9,0.968176,0.117742,0.99835,2.97243,0.00620671
6500,65,0.968048,0.118054,0.99835,2.97219,0.00616349
6510,65.1,0.968236,0.117772,0.998345,2.9736,0.00604844
6520,65.2,0.968152,0.117781,0.998344,2.97256,0.00584898
6530,65.3,0.968252,0.117677,0.998342,2.97375,0.00557103
6540,65.4,0.968155,0.118104,0.998336,2.97368,0.00524016
6550,65.5,0.968174,0.117748,0.998338,2.97345,0.00488891
6560,65.6,0.968155,0.118104,0.998333,2.97402,0.00455011
6570,65.7,0.968119,0.117892,0.998331,2.9737,0.00425792
6580,65.8,0.968211,0.117717,0.998328,2.97403,0.00403619
6590,65.9,0.968178,0.117818,0.998325,2.97377,0.00389375
6600,66,0.968141,0.117792,0.998322,2.97336,0.00382248
6610,66.1,0.968164,0.117637,0.99832,2.9734,0.00380514
6620,66.2,0.968294,0.117543,0.998317,2.97431,0.00380814
6630,66.3,0.968071,0.117986,0.998314,2.97386,0.00379799
6640,66.4,0.968181,0.11768,0.998311,2.9738,0.0037472
6650,66.5,0.968303,0.117505,0.998307,2.97426,0.00363859
6660,66.6,0.968038,0.118111,0.998305,2.97383,0.00347035
6670,66.7,0.968227,0.117647,0.998303,2.97421,0.00325435
6680,66.8,0.968135,0.118015,0.9983,2.97464,0.00301185
6690,66.9,0.968112,0.117929,0.998297,2.97384,0.00276745
6700,67,0.968184,0.117748,0.998295,2.97438,0.00254733
6710,67.1,0.96817,0.117717,0.998291,2.97448,0.0023705
6720,67.2,0.968247,0.117631,0.998288,2.97468,0.00224752
6730,67.3,0.968119,0.117802,0.998286,2.97446,0.00217802
6740,67.4,0.968108,0.117772,0.998284,2.97473,0.00215154
6750,67.5,0.968091,0.118018,0.998282,2.97481,0.00215053
6760,67.6,0.968164,0.117763,0.99828,2.97525,0.0021547
6770,67.7,0.968172,0.117768,0.998277,2.97553,0.00214375
6780,67.8,0.968147,0.117915,0.998272,2.97622,0.00210287
6790,67.9,0.968144,0.117818,0.998272,2.9761,0.00202473
6800,68,0.96828,0.11758,0.998268,2.97673,0.00191155
6810,68.1,0.968041,0.118067,0.998264,2.97637,0.00177245
6820,68.2,0.968136,0.117932,0.998263,2.97703,0.00183855
6830,68.3,0.968158,0.117781,0.998258,2.9772,0.00188656
6840,68.4,0.968135,0.117823,0.998257,2.97749,0.00190498
6850,68.5,0.968178,0.117734,0.998253,2.97802,0.00189132
6860,68.6,0.968145,0.11777,0.998251,2.97804,0.00184491
6870,68.7,0.968268,0.117581,0.998246,2.97896,0.00195541
6880,68.8,0.968186,0.117687,0.998244,2.97912,0.00206031
6890,68.9,0.968185,0.117742,0.998243,2.97939,0.00213682
6900,69,0.968138,0.117868,0.998241,2.97966,0.00218009
6910,69.1,0.968196,0.117645,0.998238,2.98043,0.00218655
6920,69.2,0.968147,0.11784,0.998233,2.9805,0.00215433
6930,69.3,0.968311,0.117399,0.998231,2.98144,0.00208342
6940,69.4,0.968093,0.117992,0.998229,2.98135,0.00208471
6950,69.5,0.968153,0.117851,0.998225,2.98205,0.00217416
6960,69.6,0.968226,0.117543,0.998222,2.98306,0.00222869
6970,69.7,0.968075,0.118044,0.998219,2.98323,0.00224403
6980,69.8,0.968275,0.117467,0.998218,2.98428,0.0022181
6990,69.9,0.968155,0.117795,0.998216,2.98452,0.00219427
7000,70,0.968203,0.117589,0.998211,2.98527,0.00233131
7010,70.1,0.968143,0.11788,0.998208,2.98565,0.00243973
7020,70.2,0.96804,0.117957,0.998208,2.98584,0.00251274
7030,70.3,0.968179,0.117809,0.998205,2.98673,0.00254497
7040,70.4,0.968298,0.117334,0.9982,2.9876,0.00253294
7050,70.5,0.968154,0.117827,0.998197,2.98768,0.00247547
7060,70.6,0.968162,0.117857,0.998196,2.98795,0.00237394
7070,70.7,0.968186,0.117706,0.998193,2.98835,0.00243139
7080,70.8,0.968014,0.118242,0.998193,2.98853,0.00250626
7090,70.9,0.968177,0.11789,0.998187,2.98901,0.0025393
7100,71,0.96802,0.11819,0.998184,2.98899,0.00252798
7110,71.1,0.9682,0.117673,0.998179,2.98931,0.00247225
7120,71.2,0.968106,0.117926,0.998179,2.98958,0.00257994
7130,71.3,0.968296,0.117407,0.998177,2.98988,0.0027139
7140,71.4,0.968177,0.117641,0.998174,2.99005,0.00281035
7150,71.5,0.968217,0.117551,0.99817,2.99009,0.002863
7160,71.6,0.968188,0.117628,0.998169,2.99031,0.00286754
7170,71.7,0.968155,0.117737,0.998165,2.9904,0.00282213
7180,71.8,0.968122,0.117902,0.998164,2.99014,0.00272762
7190,71.9,0.968256,0.117704,0.998159,2.99041,0.00259285
7200,72,0.968082,0.118207,0.998157,2.98966,0.00268385
7210,72.1,0.968174,0.117761,0.998156,2.98973,0.0027358
7220,72.2,0.968084,0.118002,0.998151,2.98914,0.00276529
7230,72.3,0.968137,0.117894,0.998149,2.98862,0.00279074
7240,72.4,0.968202,0.11776,0.998146,2.98875,0.00278141
7250,72.5,0.968142,0.117809,0.998144,2.98819,0.00281081
7260,72.6,0.968106,0.118003,0.998139,2.98853,0.00297799
7270,72.7,0.968244,0.117558,0.998138,2.98776,0.00309848
7280,72.8,0.968239,0.117804,0.998135,2.98726,0.00316082
7290,72.9,0.968058,0.118006,0.998133,2.98718,0.00316628
7300,73,0.968041,0.118159,0.998131,2.98651,0.0032405
7310,73.1,0.968206,0.117628,0.998128,2.98638,0.00348066
7320,73.2,0.968165,0.117808,0.998122,2.98582,0.00372269
7330,73.3,0.96815,0.118014,0.998121,2.98595,0.0039348
7340,73.4,0.968252,0.117725,0.99812,2.9854,0.00409004
7350,73.5,0.968279,0.117495,0.998117,2.98514,0.0041703
7360,73.6,0.968041,0.118165,0.998114,2.98391,0.0041754
7370,73.7,0.968002,0.11833,0.998112,2.98396,0.0041202
7380,73.8,0.968146,0.117922,0.998108,2.98393,0.00403293
7390,73.9,0.968181,0.11781,0.998106,2.98368,0.00394862
7400,74,0.968128,0.118134,0.998102,2.98444,0.00390104
7410,74.1,0.968146,0.117807,0.9981,2.98352,0.00391661
7420,74.2,0.968245,0.11777,0.998099,2.98353,0.00400697
7430,74.3,0.968065,0.117917,0.998094,2.98404,0.00416757
7440,74.4,0.968031,0.118152,0.998093,2.98356,0.00437635
7450,74.5,0.968163,0.117842,0.998088,2.98353,0.00460072
7460,74.6,0.968177,0.117691,0.998087,2.98353,0.00480315
7470,74.7,0.96808,0.117734,0.998083,2.98412,0.00495257
7480,74.8,0.968149,0.117821,0.998083,2.98359,0.00502516
7490,74.9,0.968209,0.11761,0.998079,2.98319,0.0050125
7500,75,0.968227,0.117715,0.998078,2.98453,0.00492432
7510,75.1,0.968001,0.118248,0.998072,2.98394,0.00478489
7520,75.2,0.968109,0.117846,0.998071,2.98352,0.00462889
7530,75.3,0.96816,0.1178,0.998067,2.98415,0.00449198
7540,75.4,0.968044,0.117973,0.998066,2.98449,0.00440668
7550,75.5,0.968112,0.118015,0.998064,2.98423,0.00439489
7560,75.6,0.968145,0.11789,0.998061,2.98432,0.00446316
7570,75.7,0.968239,0.117699,0.998059,2.98439,0.00460058
7580,75.8,0.968018,0.118261,0.998056,2.98458,0.00478106
7590,75.9,0.968115,0.117954,0.998051,2.98431,0.00496905
7600,76,0.968156,0.117911,0.998048,2.98441,0.00512791
7610,76.1,0.968101,0.117889,0.998046,2.98413,0.00522595
7620,76.2,0.968229,0.117642,0.998044,2.98466,0.00524487
7630,76.3,0.968116,0.118039,0.998042,2.98497,0.0051817
7640,76.4,0.968143,0.117778,0.998041,2.98432,0.00505082
7650,76.5,0.968169,0.117775,0.998035,2.98382,0.00488147
7660,76.6,0.968243,0.117469,0.998034,2.98467,0.00470636
7670,76.7,0.968296,0.117428,0.998031,2.98497,0.00455662
7680,76.8,0.968219,0.117745,0.998029,2.98433,0.00445955
7690,76.9,0.968216,0.117539,0.998028,2.98372,0.00443188
7700,77,0.968317,0.11734,0.998023,2.98456,0.00447487
7710,77.1,0.968116,0.117927,0.998022,2.98342,0.00457637
7720,77.2,0.968126,0.117921,0.998019,2.98348,0.00471287
7730,77.3,0.968143,0.117918,0.998014,2.9829,0.00485271
7740,77.4,0.968253,0.117561,0.998013,2.98349,0.00496474
7750,77.5,0.968124,0.117809,0.99801,2.98231,0.00502507
7760,77.6,0.968311,0.117468,0.998006,2.98299,0.00501985
7770,77.7,0.968064,0.118109,0.998003,2.98088,0.0049517
7780,77.8,0.968173,0.117757,0.998002,2.98196,0.00483437
7790,77.9,0.968167,0.117802,0.997999,2.98146,0.00469013
7800,78,0.968271,0.117541,0.997996,2.98192,0.00454773
7810,78.1,0.96811,0.117884,0.997993,2.98109,0.00443516
7820,78.2,0.968226,0.117549,0.997987,2.98047,0.00437409
7830,78.3,0.96817,0.117756,0.997988,2.98019,0.00437404
7840,78.4,0.968158,0.117759,0.997988,2.97985,0.00443296
7850,78.5,0.968231,0.117695,0.997982,2.98022,0.00453676
7860,78.6,0.968013,0.118269,0.99798,2.97846,0.00466271
7870,78.7,0.968013,0.118056,0.997976,2.97737,0.00478286
7880,78.8,0.968196,0.117642,0.997974,2.97777,0.00487467
7890,78.9,0.968309,0.117478,0.997973,2.9789,0.00492116
7900,79,0.968006,0.118162,0.997971,2.97579,0.00491485
7910,79.1,0.96814,0.117834,0.997967,2.97654,0.00485938
7920,79.2,0.968174,0.117757,0.997964,2.97662,0.00476737
7930,79.3,0.9682,0.117616,0.997963,2.97639,0.00466018
7940,79.4,0.968217,0.117553,0.99796,2.97598,0.00456173
7950,79.5,0.968182,0.117799,0.997955,2.97529,0.00449729
7960,79.6,0.968207,0.117898,0.997954,2.97618,0.00448205
7970,79.7,0.968178,0.117727,0.997949,2.97475,0.00451856
7980,79.8,0.968189,0.1178,0.997948,2.97487,0.00460143
7990,79.9,0.968265,0.117583,0.997946,2.97473,0.00471444
8000,80,0.968102,0.117853,0.997944,2.9739,0.00484296
8010,80.1,0.968185,0.117828,0.99794,2.97395,0.0049649
8020,80.2,0.968116,0.117855,0.997939,2.97304,0.00506046
8030,80.3,0.967995,0.118219,0.997936,2.97248,0.00511585
8040,80.4,0.968169,0.117766,0.997934,2.97283,0.00512526
8050,80.5,0.968007,0.118127,0.99793,2.97189,0.00509525
8060,80.6,0.968184,0.117737,0.997929,2.97288,0.00504123
8070,80.7,0.96824,0.117507,0.997925,2.97229,0.00498571
8080,80.8,0.968271,0.117579,0.997921,2.97251,0.00494942
8090,80.9,0.968168,0.117916,0.99792,2.97235,0.00494824
8100,81,0.968057,0.118078,0.997918,2.9723,0.00499144
8110,81.1,0.968136,0.117769,0.997916,2.97124,0.00507797
8120,81.2,0.968284,0.117611,0.997912,2.97196,0.00519723
8130,81.3,0.968246,0.117585,0.997908,2.97186,0.00533594
8140,81.4,0.968139,0.117771,0.997906,2.97116,0.0054744
8150,81.5,0.968135,0.117981,0.997904,2.97095,0.00559101
8160,81.6,0.968273,0.11756,0.997902,2.97202,0.00566489
8170,81.7,0.968002,0.118278,0.997899,2.97047,0.00568878
8180,81.8,0.968128,0.117955,0.997894,2.97,0.00566328
8190,81.9,0.96806,0.118113,0.997893,2.97049,0.00560117
8200,82,0.968191,0.117824,0.997891,2.97072,0.00552202
8210,82.1,0.968241,0.117414,0.997888,2.97033,0.0054492
8220,82.2,0.968201,0.117725,0.997888,2.97083,0.00540376
8230,82.3,0.968201,0.117566,0.997886,2.97034,0.00539486
8240,82.4,0.968039,0.118246,0.997882,2.96966,0.00542433
8250,82.5,0.968148,0.117871,0.997878,2.96999,0.00548462
8260,82.6,0.968155,0.117761,0.997874,2.97006,0.00556168
8270,82.7,0.968205,0.117597,0.997871,2.97026,0.0056365
8280,82.8,0.968182,0.117744,0.997872,2.97063,0.00568924
8290,82.9,0.968224,0.117582,0.997869,2.97092,0.00570387
8300,83,0.968137,0.117942,0.997865,2.97051,0.00567293
8310,83.1,0.968146,0.117948,0.997864,2.97108,0.0055982
8320,83.2,0.968116,0.117935,0.997859,2.97092,0.00548905
8330,83.3,0.968207,0.117699,0.997857,2.97169,0.00536494
8340,83.4,0.968052,0.118115,0.997855,2.97136,0.00524441
8350,83.5,0.968132,0.117839,0.997852,2.97167,0.00514235
8360,83.6,0.968188,0.117856,0.997849,2.97263,0.00506692
8370,83.7,0.96818,0.117759,0.997847,2.9728,0.00501764
8380,83.8,0.968146,0.117851,0.997844,2.97305,0.00498758
8390,83.9,0.968173,0.117855,0.997844,2.97324,0.00496402
8400,84,0.968095,0.118079,0.99784,2.97297,0.00493202
8410,84.1,0.968184,0.117665,0.997838,2.9732,0.00487366
8420,84.2,0.968276,0.117631,0.997835,2.97377,0.00477676
8430,84.3,0.968236,0.117794,0.997833,2.97465,0.00463645
8440,84.4,0.968051,0.118148,0.99783,2.9735,0.00445423
8450,84.5,0.968188,0.117817,0.997827,2.97459,0.00424086
8460,84.6,0.968212,0.11783,0.997825,2.9752,0.00401312
8470,84.7,0.968019,0.118196,0.997822,2.97467,0.00379042
8480,84.8,0.968151,0.117834,0.997821,2.97509,0.00359093
8490,84.9,0.968258,0.117677,0.997818,2.97547,0.00342779
8500,85,0.9681,0.117939,0.997815,2.97581,0.00330294
8510,85.1,0.968153,0.117912,0.997814,2.97593,0.00321115
8520,85.2,0.968123,0.117957,0.99781,2.97583,0.00314096
8530,85.3,0.968217,0.117748,0.997807,2.97695,0.00307616
8540,85.4,0.968156,0.118102,0.997803,2.97701,0.00299778
8550,85.5,0.968209,0.117696,0.997798,2.97711,0.00288974
8560,85.6,0.968296,0.117516,0.997798,2.97735,0.00285211
8570,85.7,0.968062,0.117975,0.997797,2.9769,0.00289913
8580,85.8,0.968131,0.11784,0.997793,2.97717,0.00291331
8590,85.9,0.968238,0.117632,0.997792,2.97795,0.00289279
8600,86,0.968124,0.118098,0.997788,2.97782,0.00283935
8610,86.1,0.968297,0.117413,0.997786,2.97839,0.00275834
8620,86.2,0.968156,0.118102,0.997784,2.97857,0.00286124
8630,86.3,0.968169,0.117811,0.99778,2.97861,0.00295765
8640,86.4,0.968254,0.117662,0.997778,2.979,0.0030231
8650,86.5,0.968277,0.11743,0.997773,2.97902,0.00305133
8660,86.6,0.968097,0.117857,0.997772,2.97914,0.00304001
8670,86.7,0.96815,0.117902,0.997769,2.9792,0.00299098
8680,86.8,0.968257,0.117718,0.997764,2.97971,0.00291013
8690,86.9,0.967979,0.118294,0.997765,2.97939,0.00284644
8700,87,0.968163,0.117776,0.997763,2.97976,0.00295831
8710,87.1,0.968153,0.117745,0.997759,2.97981,0.00303546
8720,87.2,0.968286,0.117646,0.997757,2.98008,0.00307107
8730,87.3,0.968291,0.117611,0.997754,2.98011,0.00306291
8740,87.4,0.968203,0.117829,0.997751,2.97984,0.00301371
8750,87.5,0.967979,0.118256,0.997749,2.97965,0.00293066
8760,87.6,0.96811,0.117918,0.997746,2.97976,0.00282444
8770,87.7,0.968272,0.117542,0.997744,2.97999,0.00291225
8780,87.8,0.968132,0.117784,0.99774,2.97964,0.00299485
8790,87.9,0.96819,0.117719,0.997738,2.97965,0.00303449
8800,88,0.968204,0.117758,0.997736,2.97959,0.00302804
8810,88.1,0.968194,0.117697,0.997732,2.97927,0.00297787
8820,88.2,0.968176,0.117812,0.997729,2.97923,0.00289139
8830,88.3,0.968242,0.117563,0.997727,2.97901,0.00277994
8840,88.4,0.968253,0.117553,0.997725,2.97862,0.00275286
8850,88.5,0.968031,0.118171,0.997721,2.97797,0.0028256
8860,88.6,0.968195,0.11773,0.997719,2.97779,0.00287363
8870,88.7,0.968132,0.117977,0.997715,2.97738,0.00287794
8880,88.8,0.968266,0.117472,0.997713,2.97715,0.00284337
8890,88.9,0.968153,0.117714,0.99771,2.97653,0.00288312
8900,89,0.968242,0.117617,0.997707,2.97622,0.00289486
8910,89.1,0.968164,0.117826,0.997705,2.97571,0.00289768
8920,89.2,0.968185,0.117772,0.997705,2.97518,0.00302129
8930,89.3,0.968128,0.117923,0.9977,2.97496,0.00311155
8940,89.4,0.968186,0.117797,0.997696,2.97453,0.00316714
8950,89.5,0.96826,0.117541,0.997696,2.97441,0.00318863
8960,89.6,0.968135,0.117748,0.997693,2.97422,0.00317845
8970,89.7,0.968177,0.117791,0.997686,2.97366,0.00314075
8980,89.8,0.968247,0.117514,0.997687,2.97403,0.00308113
8990,89.9,0.968212,0.117745,0.997681,2.97326,0.00305045
9000,90,0.968075,0.118019,0.99768,2.9727,0.00312397
9010,90.1,0.968135,0.117822,0.997678,2.97329,0.00319946
9020,90.2,0.968225,0.117613,0.997675,2.97311,0.00343669
9030,90.3,0.968191,0.117711,0.997675,2.973,0.00364951
9040,90.4,0.968202,0.117603,0.99767,2.97311,0.00383477
9050,90.5,0.968137,0.117815,0.997667,2.97354,0.00399563
9060,90.6,0.968067,0.118043,0.997667,2.97255,0.00414778
9070,90.7,0.968224,0.117775,0.99766,2.97349,0.00430611
9080,90.8,0.968085,0.118292,0.997658,2.97148,0.00449221
9090,90.9,0.968146,0.117861,0.997656,2.9712,0.00484183
9100,91,0.968315,0.117388,0.997654,2.97146,0.00523554
9110,91.1,0.968118,0.117855,0.99765,2.97091,0.00558718
9120,91.2,0.968157,0.117767,0.99765,2.9697,0.00589208
9130,91.3,0.968125,0.117966,0.997644,2.96899,0.00622628
9140,91.4,0.968197,0.117711,0.997644,2.96852,0.00667881
9150,91.5,0.96816,0.117766,0.99764,2.96888,0.00711069
9160,91.6,0.968024,0.118018,0.997637,2.96655,0.00749623
9170,91.7,0.968132,0.117964,0.997634,2.96623,0.00781769
9180,91.8,0.968183,0.117701,0.997633,2.9663,0.00806879
9190,91.9,0.968233,0.117635,0.99763,2.96738,0.00825046
9200,92,0.968187,0.117681,0.997627,2.96633,0.00851603
9210,92.1,0.968202,0.117748,0.997624,2.96422,0.00897572
9220,92.2,0.968172,0.117693,0.997621,2.96378,0.00940328
9230,92.3,0.968138,0.117864,0.997619,2.96223,0.00977035
9240,92.4,0.9681,0.118017,0.997617,2.96338,0.0100636
9250,92.5,0.96819,0.117748,0.997613,2.96134,0.0102836
9260,92.6,0.96832,0.117463,0.997608,2.96121,0.0104518
9270,92.7,0.968025,0.118033,0.997609,2.95835,0.0105928
9280,92.8,0.968212,0.117617,0.997604,2.9576,0.0107388
9290,92.9,0.968159,0.117722,0.997602,2.95684,0.0109197
9300,93,0.968239,0.117677,0.9976,2.95489,0.0111473
9310,93.1,0.968219,0.117576,0.997595,2.95432,0.0114243
9320,93.2,0.968171,0.117813,0.997596,2.95289,0.0117331
9330,93.3,0.968256,0.117631,0.997591,2.95386,0.0120458
9340,93.4,0.968028,0.118222,0.997591,2.95037,0.0123279
9350,93.5,0.968233,0.117687,0.997586,2.94841,0.0125387
9360,93.6,0.968185,0.117772,0.997585,2.94629,0.0126585
9370,93.7,0.968189,0.11762,0.997582,2.94588,0.0126797
9380,93.8,0.968153,0.117751,0.997577,2.94488,0.0126085
9390,93.9,0.968165,0.117862,0.997575,2.94224,0.0124632
9400,94,0.968182,0.117746,0.997574,2.94114,0.0122869
9410,94.1,0.968179,0.117759,0.99757,2.93856,0.0121237
9420,94.2,0.968058,0.118143,0.997568,2.9386,0.0120139
9430,94.3,0.9682,0.117569,0.997566,2.93719,0.0119814
9440,94.4,0.968262,0.117472,0.997562,2.93546,0.0120348
9450,94.5,0.968109,0.117886,0.997559,2.93484,0.0121574
9460,94.6,0.968201,0.117648,0.997557,2.93127,0.0123111
9470,94.7,0.968121,0.117902,0.997555,2.92903,0.0124536
9480,94.8,0.968171,0.117805,0.997552,2.9258,0.0125362
9490,94.9,0.968016,0.118187,0.997548,2.92348,0.0125265
9500,95,0.968091,0.117971,0.997549,2.92162,0.0124034
9510,95.1,0.968127,0.117948,0.997543,2.91946,0.0121657
9520,95.2,0.968167,0.117855,0.997542,2.91762,0.0118238
9530,95.3,0.968209,0.117832,0.997539,2.91589,0.0114142
9540,95.4,0.968087,0.118153,0.997534,2.91382,0.010984
9550,95.5,0.968149,0.117853,0.997535,2.91064,0.010588
9560,95.6,0.968282,0.117474,0.99753,2.90987,0.0102738
9570,95.7,0.968231,0.117638,0.99753,2.9065,0.0100718
9580,95.8,0.968116,0.117818,0.997526,2.90379,0.00999077
9590,95.9,0.96828,0.117578,0.997524,2.90297,0.0100178
9600,96,0.968174,0.117844,0.99752,2.90078,0.0101203
9610,96.1,0.967979,0.118293,0.997519,2.89617,0.0102523
9620,96.2,0.96816,0.117836,0.997517,2.89503,0.0103637
9630,96.3,0.968252,0.117612,0.997515,2.89456,0.0104079
9640,96.4,0.968146,0.117906,0.99751,2.89412,0.01035
9650,96.5,0.968213,0.117581,0.997509,2.89017,0.0101785
9660,96.6,0.968178,0.117839,0.997507,2.88721,0.00991146
9670,96.7,0.968212,0.117753,0.997503,2.8865,0.00956974
9680,96.8,0.96821,0.117724,0.9975,2.88677,0.00919345
9690,96.9,0.968079,0.118085,0.997498,2.88481,0.00883124
9700,97,0.96813,0.117887,0.997493,2.88356,0.00852897
9710,97.1,0.968228,0.117781,0.997494,2.88338,0.00831158
9720,97.2,0.968039,0.117971,0.997489,2.8832,0.00819905
9730,97.3,0.968217,0.117671,0.997488,2.88482,0.00818564
9740,97.4,0.968175,0.117709,0.997487,2.88421,0.00824448
9750,97.5,0.96814,0.11791,0.99748,2.88355,0.00834548
9760,97.6,0.967997,0.118219,0.99748,2.88362,0.00844644
9770,97.7,0.968164,0.117865,0.997478,2.88608,0.00850744
9780,97.8,0.968141,0.117886,0.997473,2.88638,0.00849879
9790,97.9,0.968034,0.118129,0.997471,2.88666,0.00840709
9800,98,0.968185,0.117765,0.997469,2.88864,0.00823773
9810,98.1,0.968156,0.117782,0.997468,2.8884,0.00801046
9820,98.2,0.968258,0.117385,0.997466,2.88947,0.00775682
9830,98.3,0.968267,0.117655,0.997462,2.8902,0.00750815
9840,98.4,0.968135,0.117927,0.997458,2.89095,0.00729926
9850,98.5,0.968174,0.117778,0.997456,2.89199,0.00714623
9860,98.6,0.968235,0.117761,0.997454,2.89426,0.00705626
9870,98.7,0.968196,0.117851,0.99745,2.89591,0.00702211
9880,98.8,0.968187,0.117746,0.997447,2.89456,0.00702837
9890,98.9,0.968189,0.117701,0.997446,2.89507,0.00705049
9900,99,0.967996,0.118317,0.997445,2.89492,0.00705605
9910,99.1,0.968107,0.117964,0.997442,2.89504,0.00702032
9920,99.2,0.96818,0.117797,0.99744,2.89691,0.00692757
9930,99.3,0.968156,0.117887,0.997435,2.89654,0.0067726
9940,99.4,0.968088,0.118072,0.997436,2.89604,0.00656657
9950,99.5,0.968248,0.11765,0.997432,2.8977,0.00633308
9960,99.6,0.968185,0.117643,0.99743,2.89755,0.00610023
9970,99.7,0.968196,0.117591,0.997428,2.89732,0.00589562
9980,99.8,0.968152,0.117945,0.997426,2.89718,0.00574177
9990,99.9,0.968136,0.117884,0.997424,2.89661,0.00565714
