x,y,R
0,0,0.340205
1,0,0.7428
2,0,0.732927
3,0,0.722607
4,0,0.711823
5,0,0.700562
6,0,0.68881
7,0,0.676556
8,0,0.663791
9,0,0.65051
10,0,0.63671
11,0,0.622393
12,0,0.607567
13,0,0.592245
14,0,0.576452
15,0,0.503471
16,0,0.455598
17,0,0.52662
18,0,0.509383
19,0,0.49197
20,0,0.474491
21,0,0.45708
22,0,0.439897
23,0,0.423128
24,0,0.406991
25,0,0.391732
26,0,0.377624
27,0,0.36496
28,0,0.354044
29,0,0.345173
30,0,0.338614
31,0,0.451186
32,0,0.458844
33,0,0.334584
34,0,0.338614
35,0,0.345172
36,0,0.354042
37,0,0.364956
38,0,0.377618
39,0,0.391725
40,0,0.406982
41,0,0.423118
42,0,0.439886
43,0,0.457069
44,0,0.47448
45,0,0.491959
46,0,0.509373
47,0,0.634189
48,0,0.556888
49,0,0.56021
50,0,0.576445
51,0,0.592239
52,0,0.607562
53,0,0.622389
54,0,0.636708
55,0,0.650509
56,0,0.663791
57,0,0.676556
58,0,0.68881
59,0,0.700562
60,0,0.711823
61,0,0.722607
62,0,0.732927
63,0,0.524226
0,1,0.7428
1,1,0.999827
2,1,0.999821
3,1,0.999815
4,1,0.999809
5,1,0.999803
6,1,0.999796
7,1,0.99979
8,1,0.999783
9,1,0.999776
10,1,0.99977
11,1,0.999763
12,1,0.999755
13,1,0.999748
14,1,0.999741
15,1,0.999734
16,1,0.999727
17,1,0.999719
18,1,0.999712
19,1,0.999705
20,1,0.999699
21,1,0.999693
22,1,0.999686
23,1,0.999681
24,1,0.999676
25,1,0.999671
26,1,0.999666
27,1,0.999662
28,1,0.999659
29,1,0.999656
30,1,0.999654
31,1,0.999653
32,1,0.999653
33,1,0.999653
34,1,0.999654
35,1,0.999656
36,1,0.999658
37,1,0.999662
38,1,0.999665
39,1,0.99967
40,1,0.999674
41,1,0.99968
42,1,0.999686
43,1,0.999692
44,1,0.999698
45,1,0.999705
46,1,0.999712
47,1,0.999719
48,1,0.999726
49,1,0.999733
50,1,0.999741
51,1,0.999748
52,1,0.999755
53,1,0.999762
54,1,0.999769
55,1,0.999776
56,1,0.999783
57,1,0.99979
58,1,0.999796
59,1,0.999803
60,1,0.999809
61,1,0.999815
62,1,0.999821
63,1,0.742877
0,2,0.732927
1,2,0.999821
2,2,0.999815
3,2,0.999809
4,2,0.999802
5,2,0.999795
6,2,0.999789
7,2,0.999782
8,2,0.999774
9,2,0.999767
10,2,0.99976
11,2,0.999752
12,2,0.999744
13,2,0.999736
14,2,0.999728
15,2,0.99972
16,2,0.999712
17,2,0.999704
18,2,0.999696
19,2,0.999689
20,2,0.999681
21,2,0.999674
22,2,0.999667
23,2,0.999661
24,2,0.999655
25,2,0.999649
26,2,0.999645
27,2,0.99964
28,2,0.999637
29,2,0.999634
30,2,0.999632
31,2,0.99963
32,2,0.99963
33,2,0.99963
34,2,0.999631
35,2,0.999633
36,2,0.999636
37,2,0.999639
38,2,0.999643
39,2,0.999648
40,2,0.999654
41,2,0.99966
42,2,0.999666
43,2,0.999673
44,2,0.999681
45,2,0.999688
46,2,0.999696
47,2,0.999704
48,2,0.999712
49,2,0.99972
50,2,0.999728
51,2,0.999736
52,2,0.999744
53,2,0.999751
54,2,0.999759
55,2,0.999767
56,2,0.999774
57,2,0.999781
58,2,0.999789
59,2,0.999795
60,2,0.999802
61,2,0.999809
62,2,0.999815
63,2,0.733007
0,3,0.722607
1,3,0.999815
2,3,0.999809
3,3,0.999802
4,3,0.999795
5,3,0.999788
6,3,0.999781
7,3,0.999773
8,3,0.999765
9,3,0.999757
10,3,0.999749
11,3,0.99974
12,3,0.999732
13,3,0.999723
14,3,0.999714
15,3,0.999705
16,3,0.999696
17,3,0.999687
18,3,0.999678
19,3,0.99967
20,3,0.999662
21,3,0.999653
22,3,0.999646
23,3,0.999638
24,3,0.999632
25,3,0.999626
26,3,0.99962
27,3,0.999615
28,3,0.999612
29,3,0.999609
30,3,0.999606
31,3,0.999605
32,3,0.999604
33,3,0.999604
34,3,0.999606
35,3,0.999608
36,3,0.999611
37,3,0.999615
38,3,0.99962
39,3,0.999625
40,3,0.999631
41,3,0.999638
42,3,0.999646
43,3,0.999653
44,3,0.999661
45,3,0.99967
46,3,0.999679
47,3,0.999687
48,3,0.999696
49,3,0.999705
50,3,0.999714
51,3,0.999723
52,3,0.999731
53,3,0.99974
54,3,0.999748
55,3,0.999757
56,3,0.999765
57,3,0.999773
58,3,0.99978
59,3,0.999788
60,3,0.999795
61,3,0.999802
62,3,0.999809
63,3,0.72269
0,4,0.711823
1,4,0.999809
2,4,0.999802
3,4,0.999795
4,4,0.999788
5,4,0.99978
6,4,0.999772
7,4,0.999764
8,4,0.999755
9,4,0.999746
10,4,0.999737
11,4,0.999728
12,4,0.999719
13,4,0.999709
14,4,0.999699
15,4,0.999689
16,4,0.99968
17,4,0.99967
18,4,0.99966
19,4,0.99965
20,4,0.999641
21,4,0.999632
22,4,0.999623
23,4,0.999614
24,4,0.999607
25,4,0.9996
26,4,0.999593
27,4,0.999588
28,4,0.999583
29,4,0.99958
30,4,0.999577
31,4,0.999576
32,4,0.999575
33,4,0.999576
34,4,0.999578
35,4,0.99958
36,4,0.999583
37,4,0.999588
38,4,0.999593
39,4,0.999599
40,4,0.999607
41,4,0.999614
42,4,0.999623
43,4,0.999632
44,4,0.999641
45,4,0.99965
46,4,0.99966
47,4,0.99967
48,4,0.99968
49,4,0.999689
50,4,0.999699
51,4,0.999709
52,4,0.999719
53,4,0.999728
54,4,0.999737
55,4,0.999746
56,4,0.999755
57,4,0.999763
58,4,0.999772
59,4,0.99978
60,4,0.999788
61,4,0.999795
62,4,0.999802
63,4,0.71191
0,5,0.700564
1,5,0.999803
2,5,0.999796
3,5,0.999788
4,5,0.99978
5,5,0.999772
6,5,0.999763
7,5,0.999754
8,5,0.999745
9,5,0.999735
10,5,0.999725
11,5,0.999715
12,5,0.999705
13,5,0.999694
14,5,0.999684
15,5,0.999673
16,5,0.999662
17,5,0.999651
18,5,0.99964
19,5,0.999629
20,5,0.999618
21,5,0.999608
22,5,0.999598
23,5,0.999588
24,5,0.999579
25,5,0.999571
26,5,0.999564
27,5,0.999557
28,5,0.999552
29,5,0.999548
30,5,0.999545
31,5,0.999543
32,5,0.999543
33,5,0.999544
34,5,0.999546
35,5,0.999549
36,5,0.999553
37,5,0.999558
38,5,0.999564
39,5,0.999571
40,5,0.999579
41,5,0.999588
42,5,0.999598
43,5,0.999608
44,5,0.999618
45,5,0.999629
46,5,0.99964
47,5,0.999651
48,5,0.999662
49,5,0.999673
50,5,0.999684
51,5,0.999694
52,5,0.999705
53,5,0.999715
54,5,0.999725
55,5,0.999735
56,5,0.999745
57,5,0.999754
58,5,0.999763
59,5,0.999772
60,5,0.99978
61,5,0.999788
62,5,0.999795
63,5,0.700652
0,6,0.688816
1,6,0.999797
2,6,0.999789
3,6,0.999781
4,6,0.999772
5,6,0.999763
6,6,0.999754
7,6,0.999744
8,6,0.999734
9,6,0.999723
10,6,0.999713
11,6,0.999702
12,6,0.99969
13,6,0.999679
14,6,0.999667
15,6,0.999655
16,6,0.999642
17,6,0.99963
18,6,0.999618
19,6,0.999605
20,6,0.999593
21,6,0.999582
22,6,0.99957
23,6,0.999559
24,6,0.999549
25,6,0.99954
26,6,0.999532
27,6,0.999524
28,6,0.999518
29,6,0.999513
30,6,0.999509
31,6,0.999507
32,6,0.999506
33,6,0.999507
34,6,0.99951
35,6,0.999514
36,6,0.999519
37,6,0.999525
38,6,0.999532
39,6,0.99954
40,6,0.999549
41,6,0.999559
42,6,0.99957
43,6,0.999582
44,6,0.999593
45,6,0.999606
46,6,0.999618
47,6,0.99963
48,6,0.999642
49,6,0.999655
50,6,0.999667
51,6,0.999679
52,6,0.99969
53,6,0.999702
54,6,0.999713
55,6,0.999723
56,6,0.999734
57,6,0.999744
58,6,0.999753
59,6,0.999763
60,6,0.999772
61,6,0.99978
62,6,0.999788
63,6,0.688906
0,7,0.676569
1,7,0.99979
2,7,0.999782
3,7,0.999773
4,7,0.999763
5,7,0.999754
6,7,0.999744
7,7,0.999733
8,7,0.999723
9,7,0.999711
10,7,0.9997
11,7,0.999687
12,7,0.999675
13,7,0.999662
14,7,0.999649
15,7,0.999635
16,7,0.999622
17,7,0.999608
18,7,0.999594
19,7,0.99958
20,7,0.999566
21,7,0.999553
22,7,0.99954
23,7,0.999527
24,7,0.999516
25,7,0.999505
26,7,0.999495
27,7,0.999487
28,7,0.99948
29,7,0.999474
30,7,0.999469
31,7,0.999466
32,7,0.999466
33,7,0.999466
34,7,0.999469
35,7,0.999474
36,7,0.999481
37,7,0.999488
38,7,0.999497
39,7,0.999506
40,7,0.999517
41,7,0.999528
42,7,0.99954
43,7,0.999553
44,7,0.999566
45,7,0.99958
46,7,0.999594
47,7,0.999608
48,7,0.999622
49,7,0.999635
50,7,0.999649
51,7,0.999662
52,7,0.999675
53,7,0.999687
54,7,0.9997
55,7,0.999711
56,7,0.999723
57,7,0.999733
58,7,0.999744
59,7,0.999754
60,7,0.999763
61,7,0.999773
62,7,0.999781
63,7,0.67666
0,8,0.66381
1,8,0.999783
2,8,0.999774
3,8,0.999765
4,8,0.999755
5,8,0.999745
6,8,0.999734
7,8,0.999723
8,8,0.999711
9,8,0.999698
10,8,0.999686
11,8,0.999672
12,8,0.999658
13,8,0.999644
14,8,0.99963
15,8,0.999615
16,8,0.999599
17,8,0.999584
18,8,0.999568
19,8,0.999552
20,8,0.999537
21,8,0.999521
22,8,0.999506
23,8,0.999492
24,8,0.999479
25,8,0.999466
26,8,0.999455
27,8,0.999445
28,8,0.999436
29,8,0.999429
30,8,0.999424
31,8,0.999421
32,8,0.99942
33,8,0.999421
34,8,0.999424
35,8,0.99943
36,8,0.999437
37,8,0.999446
38,8,0.999457
39,8,0.999468
40,8,0.99948
41,8,0.999493
42,8,0.999507
43,8,0.999522
44,8,0.999537
45,8,0.999553
46,8,0.999568
47,8,0.999584
48,8,0.9996
49,8,0.999615
50,8,0.99963
51,8,0.999644
52,8,0.999659
53,8,0.999672
54,8,0.999686
55,8,0.999699
56,8,0.999711
57,8,0.999723
58,8,0.999734
59,8,0.999745
60,8,0.999755
61,8,0.999765
62,8,0.999774
63,8,0.663903
0,9,0.65053
1,9,0.999776
2,9,0.999767
3,9,0.999757
4,9,0.999746
5,9,0.999735
6,9,0.999723
7,9,0.999711
8,9,0.999698
9,9,0.999685
10,9,0.999671
11,9,0.999656
12,9,0.999641
13,9,0.999625
14,9,0.999609
15,9,0.999592
16,9,0.999575
17,9,0.999558
18,9,0.99954
19,9,0.999522
20,9,0.999504
21,9,0.999487
22,9,0.999469
23,9,0.999453
24,9,0.999437
25,9,0.999422
26,9,0.999409
27,9,0.999397
28,9,0.999388
29,9,0.999379
30,9,0.999373
31,9,0.999369
32,9,0.999368
33,9,0.99937
34,9,0.999374
35,9,0.99938
36,9,0.999388
37,9,0.999398
38,9,0.999411
39,9,0.999425
40,9,0.99944
41,9,0.999455
42,9,0.999471
43,9,0.999487
44,9,0.999505
45,9,0.999522
46,9,0.99954
47,9,0.999558
48,9,0.999576
49,9,0.999593
50,9,0.999609
51,9,0.999626
52,9,0.999641
53,9,0.999656
54,9,0.999671
55,9,0.999685
56,9,0.999699
57,9,0.999711
58,9,0.999723
59,9,0.999735
60,9,0.999746
61,9,0.999756
62,9,0.999766
63,9,0.650627
0,10,0.636729
1,10,0.999769
2,10,0.999759
3,10,0.999749
4,10,0.999737
5,10,0.999725
6,10,0.999713
7,10,0.999699
8,10,0.999686
9,10,0.999671
10,10,0.999656
11,10,0.99964
12,10,0.999623
13,10,0.999606
14,10,0.999587
15,10,0.999569
16,10,0.99955
17,10,0.99953
18,10,0.99951
19,10,0.999489
20,10,0.999469
21,10,0.999448
22,10,0.999428
23,10,0.999409
24,10,0.999391
25,10,0.999374
26,10,0.999358
27,10,0.999344
28,10,0.999332
29,10,0.999322
30,10,0.999315
31,10,0.99931
32,10,0.999309
33,10,0.999311
34,10,0.999316
35,10,0.999323
36,10,0.999333
37,10,0.999345
38,10,0.999359
39,10,0.999375
40,10,0.999393
41,10,0.999412
42,10,0.999431
43,10,0.99945
44,10,0.99947
45,10,0.99949
46,10,0.99951
47,10,0.99953
48,10,0.99955
49,10,0.999569
50,10,0.999588
51,10,0.999606
52,10,0.999623
53,10,0.99964
54,10,0.999656
55,10,0.999671
56,10,0.999686
57,10,0.9997
58,10,0.999713
59,10,0.999725
60,10,0.999737
61,10,0.999748
62,10,0.999759
63,10,0.636827
0,11,0.622411
1,11,0.999762
2,11,0.999752
3,11,0.99974
4,11,0.999728
5,11,0.999715
6,11,0.999702
7,11,0.999687
8,11,0.999672
9,11,0.999656
10,11,0.99964
11,11,0.999622
12,11,0.999604
13,11,0.999584
14,11,0.999564
15,11,0.999543
16,11,0.999522
17,11,0.999499
18,11,0.999477
19,11,0.999453
20,11,0.99943
21,11,0.999406
22,11,0.999383
23,11,0.99936
24,11,0.999339
25,11,0.999319
26,11,0.9993
27,11,0.999283
28,11,0.999269
29,11,0.999257
30,11,0.999248
31,11,0.999242
32,11,0.999241
33,11,0.999243
34,11,0.999249
35,11,0.999258
36,11,0.99927
37,11,0.999285
38,11,0.999302
39,11,0.99932
40,11,0.999341
41,11,0.999363
42,11,0.999386
43,11,0.999409
44,11,0.999431
45,11,0.999454
46,11,0.999477
47,11,0.9995
48,11,0.999522
49,11,0.999544
50,11,0.999565
51,11,0.999585
52,11,0.999604
53,11,0.999622
54,11,0.99964
55,11,0.999657
56,11,0.999672
57,11,0.999687
58,11,0.999702
59,11,0.999715
60,11,0.999727
61,11,0.99974
62,11,0.999751
63,11,0.622508
0,12,0.607584
1,12,0.999755
2,12,0.999744
3,12,0.999732
4,12,0.999719
5,12,0.999705
6,12,0.99969
7,12,0.999675
8,12,0.999658
9,12,0.999641
10,12,0.999623
11,12,0.999604
12,12,0.999583
13,12,0.999562
14,12,0.99954
15,12,0.999516
16,12,0.999492
17,12,0.999467
18,12,0.999441
19,12,0.999414
20,12,0.999387
21,12,0.99936
22,12,0.999332
23,12,0.999306
24,12,0.99928
25,12,0.999256
26,12,0.999234
27,12,0.999214
28,12,0.999197
29,12,0.999183
30,12,0.999171
31,12,0.999165
32,12,0.999162
33,12,0.999165
34,12,0.999173
35,12,0.999184
36,12,0.999198
37,12,0.999216
38,12,0.999236
39,12,0.999259
40,12,0.999283
41,12,0.999308
42,12,0.999335
43,12,0.999363
44,12,0.999389
45,12,0.999415
46,12,0.999441
47,12,0.999467
48,12,0.999492
49,12,0.999517
50,12,0.99954
51,12,0.999562
52,12,0.999584
53,12,0.999604
54,12,0.999623
55,12,0.999641
56,12,0.999659
57,12,0.999675
58,12,0.99969
59,12,0.999704
60,12,0.999718
61,12,0.999731
62,12,0.999743
63,12,0.607679
0,13,0.592262
1,13,0.999747
2,13,0.999735
3,13,0.999723
4,13,0.999709
5,13,0.999694
6,13,0.999678
7,13,0.999662
8,13,0.999644
9,13,0.999626
10,13,0.999606
11,13,0.999585
12,13,0.999562
13,13,0.999539
14,13,0.999514
15,13,0.999487
16,13,0.99946
17,13,0.999431
18,13,0.999402
19,13,0.999371
20,13,0.99934
21,13,0.999308
22,13,0.999276
23,13,0.999244
24,13,0.999214
25,13,0.999186
26,13,0.999159
27,13,0.999134
28,13,0.999113
29,13,0.999096
30,13,0.999083
31,13,0.999074
32,13,0.999072
33,13,0.999076
34,13,0.999084
35,13,0.999098
36,13,0.999115
37,13,0.999137
38,13,0.999161
39,13,0.999188
40,13,0.999217
41,13,0.999247
42,13,0.999279
43,13,0.999311
44,13,0.999342
45,13,0.999373
46,13,0.999402
47,13,0.999432
48,13,0.99946
49,13,0.999488
50,13,0.999514
51,13,0.999539
52,13,0.999562
53,13,0.999585
54,13,0.999606
55,13,0.999626
56,13,0.999644
57,13,0.999662
58,13,0.999678
59,13,0.999694
60,13,0.999709
61,13,0.999722
62,13,0.999736
63,13,0.592356
0,14,0.576465
1,14,0.99974
2,14,0.999727
3,14,0.999714
4,14,0.999699
5,14,0.999683
6,14,0.999666
7,14,0.999649
8,14,0.999629
9,14,0.999609
10,14,0.999587
11,14,0.999564
12,14,0.99954
13,14,0.999514
14,14,0.999486
15,14,0.999456
16,14,0.999426
17,14,0.999393
18,14,0.999359
19,14,0.999324
20,14,0.999288
21,14,0.999251
22,14,0.999214
23,14,0.999176
24,14,0.999139
25,14,0.999105
26,14,0.999072
27,14,0.999042
28,14,0.999017
29,14,0.998995
30,14,0.998978
31,14,0.998968
32,14,0.998966
33,14,0.998971
34,14,0.998982
35,14,0.998998
36,14,0.999019
37,14,0.999045
38,14,0.999075
39,14,0.999108
40,14,0.999143
41,14,0.999179
42,14,0.999216
43,14,0.999253
44,14,0.999291
45,14,0.999326
46,14,0.999361
47,14,0.999394
48,14,0.999426
49,14,0.999457
50,14,0.999486
51,14,0.999514
52,14,0.99954
53,14,0.999565
54,14,0.999588
55,14,0.999609
56,14,0.99963
57,14,0.999649
58,14,0.999666
59,14,0.999683
60,14,0.999699
61,14,0.999714
62,14,0.999728
63,14,0.57656
0,15,0.474104
1,15,0.999733
2,15,0.999719
3,15,0.999705
4,15,0.999689
5,15,0.999672
6,15,0.999654
7,15,0.999635
8,15,0.999614
9,15,0.999592
10,15,0.999569
11,15,0.999543
12,15,0.999516
13,15,0.999488
14,15,0.999457
15,15,0.813594
16,15,0.795608
17,15,0.999352
18,15,0.999313
19,15,0.999273
20,15,0.999231
21,15,0.999187
22,15,0.999143
23,15,0.999098
24,15,0.999054
25,15,0.999012
26,15,0.998972
27,15,0.998936
28,15,0.998904
29,15,0.998877
30,15,0.998856
31,15,0.88771
32,15,0.870263
33,15,0.998848
34,15,0.99886
35,15,0.99888
36,15,0.998906
37,15,0.998939
38,15,0.998976
39,15,0.999016
40,15,0.999058
41,15,0.999102
42,15,0.999145
43,15,0.999189
44,15,0.999233
45,15,0.999275
46,15,0.999315
47,15,0.965004
48,15,0.939651
49,15,0.999424
50,15,0.999457
51,15,0.999488
52,15,0.999517
53,15,0.999544
54,15,0.999569
55,15,0.999593
56,15,0.999615
57,15,0.999635
58,15,0.999654
59,15,0.999672
60,15,0.999689
61,15,0.999705
62,15,0.99972
63,15,0.658914
0,16,0.554995
1,16,0.999725
2,16,0.999711
3,16,0.999696
4,16,0.999679
5,16,0.999661
6,16,0.999642
7,16,0.999621
8,16,0.999599
9,16,0.999575
10,16,0.999549
11,16,0.999522
12,16,0.999492
13,16,0.99946
14,16,0.999426
15,16,0.781393
16,16,0.862947
17,16,0.999307
18,16,0.999263
19,16,0.999216
20,16,0.999168
21,16,0.999117
22,16,0.999064
23,16,0.999011
24,16,0.998957
25,16,0.998905
26,16,0.998856
27,16,0.998811
28,16,0.998771
29,16,0.998737
30,16,0.99871
31,16,0.792236
32,16,0.895706
33,16,0.9987
34,16,0.998715
35,16,0.99874
36,16,0.998773
37,16,0.998814
38,16,0.99886
39,16,0.998909
40,16,0.998961
41,16,0.999014
42,16,0.999067
43,16,0.999118
44,16,0.999169
45,16,0.999219
46,16,0.999266
47,16,0.967584
48,16,0.997446
49,16,0.999389
50,16,0.999426
51,16,0.99946
52,16,0.999492
53,16,0.999522
54,16,0.99955
55,16,0.999575
56,16,0.999599
57,16,0.999621
58,16,0.999642
59,16,0.999662
60,16,0.999679
61,16,0.999696
62,16,0.999712
63,16,0.548359
0,17,0.526627
1,17,0.999718
2,17,0.999703
3,17,0.999687
4,17,0.999669
5,17,0.99965
6,17,0.99963
7,17,0.999607
8,17,0.999583
9,17,0.999558
10,17,0.99953
11,17,0.999499
12,17,0.999466
13,17,0.999431
14,17,0.999393
15,17,0.999352
16,17,0.999308
17,17,0.99926
18,17,0.999209
19,17,0.999155
20,17,0.999098
21,17,0.999038
22,17,0.998975
23,17,0.998911
24,17,0.998846
25,17,0.998782
26,17,0.998721
27,17,0.998663
28,17,0.998612
29,17,0.998569
30,17,0.998536
31,17,0.998517
32,17,0.998512
33,17,0.99852
34,17,0.99854
35,17,0.998572
36,17,0.998616
37,17,0.998667
38,17,0.998725
39,17,0.998787
40,17,0.998851
41,17,0.998915
42,17,0.998978
43,17,0.99904
44,17,0.999099
45,17,0.999157
46,17,0.999212
47,17,0.999262
48,17,0.999308
49,17,0.999352
50,17,0.999393
51,17,0.999432
52,17,0.999467
53,17,0.9995
54,17,0.99953
55,17,0.999558
56,17,0.999584
57,17,0.999608
58,17,0.99963
59,17,0.999651
60,17,0.99967
61,17,0.999687
62,17,0.999704
63,17,0.526718
0,18,0.50939
1,18,0.999711
2,18,0.999695
3,18,0.999678
4,18,0.999659
5,18,0.999639
6,18,0.999617
7,18,0.999593
8,18,0.999568
9,18,0.99954
10,18,0.99951
11,18,0.999476
12,18,0.99944
13,18,0.999401
14,18,0.999359
15,18,0.999313
16,18,0.999263
17,18,0.999209
18,18,0.999151
19,18,0.999088
20,18,0.999021
21,18,0.99895
22,18,0.998876
23,18,0.998798
24,18,0.998718
25,18,0.998638
26,18,0.998561
27,18,0.998488
28,18,0.998423
29,18,0.998367
30,18,0.998324
31,18,0.998299
32,18,0.998291
33,18,0.998301
34,18,0.998328
35,18,0.998371
36,18,0.998427
37,18,0.998494
38,18,0.998567
39,18,0.998644
40,18,0.998723
41,18,0.998802
42,18,0.998879
43,18,0.998952
44,18,0.999022
45,18,0.999089
46,18,0.999153
47,18,0.999211
48,18,0.999265
49,18,0.999314
50,18,0.99936
51,18,0.999402
52,18,0.999441
53,18,0.999477
54,18,0.99951
55,18,0.99954
56,18,0.999568
57,18,0.999594
58,18,0.999618
59,18,0.99964
60,18,0.99966
61,18,0.999679
62,18,0.999696
63,18,0.509476
0,19,0.491975
1,19,0.999704
2,19,0.999688
3,19,0.999669
4,19,0.99965
5,19,0.999628
6,19,0.999605
7,19,0.99958
8,19,0.999552
9,19,0.999522
10,19,0.999489
11,19,0.999453
12,19,0.999414
13,19,0.999371
14,19,0.999324
15,19,0.999272
16,19,0.999216
17,19,0.999155
18,19,0.999088
19,19,0.999016
20,19,0.998937
21,19,0.998853
22,19,0.998764
23,19,0.998669
24,19,0.998571
25,19,0.998471
26,19,0.998373
27,19,0.998278
28,19,0.998193
29,19,0.998119
30,19,0.998063
31,19,0.998028
32,19,0.998017
33,19,0.998031
34,19,0.998068
35,19,0.998126
36,19,0.9982
37,19,0.998286
38,19,0.99838
39,19,0.998478
40,19,0.998576
41,19,0.998673
42,19,0.998766
43,19,0.998854
44,19,0.998938
45,19,0.999016
46,19,0.999089
47,19,0.999157
48,19,0.999218
49,19,0.999273
50,19,0.999325
51,19,0.999372
52,19,0.999414
53,19,0.999454
54,19,0.999489
55,19,0.999522
56,19,0.999552
57,19,0.99958
58,19,0.999606
59,19,0.999629
60,19,0.99965
61,19,0.99967
62,19,0.999688
63,19,0.492056
0,20,0.474492
1,20,0.999698
2,20,0.99968
3,20,0.999661
4,20,0.99964
5,20,0.999617
6,20,0.999593
7,20,0.999566
8,20,0.999536
9,20,0.999504
10,20,0.999469
11,20,0.99943
12,20,0.999387
13,20,0.999339
14,20,0.999288
15,20,0.99923
16,20,0.999167
17,20,0.999098
18,20,0.999021
19,20,0.998937
20,20,0.998846
21,20,0.998746
22,20,0.998638
23,20,0.998523
24,20,0.998401
25,20,0.998275
26,20,0.998149
27,20,0.998025
28,20,0.997911
29,20,0.997812
30,20,0.997736
31,20,0.997688
32,20,0.997674
33,20,0.997693
34,20,0.997744
35,20,0.997822
36,20,0.997922
37,20,0.998036
38,20,0.998157
39,20,0.998282
40,20,0.998405
41,20,0.998525
42,20,0.998639
43,20,0.998745
44,20,0.998845
45,20,0.998936
46,20,0.999021
47,20,0.999099
48,20,0.999169
49,20,0.999232
50,20,0.999288
51,20,0.99934
52,20,0.999387
53,20,0.99943
54,20,0.999469
55,20,0.999504
56,20,0.999537
57,20,0.999566
58,20,0.999593
59,20,0.999618
60,20,0.999641
61,20,0.999661
62,20,0.999681
63,20,0.474568
0,21,0.457076
1,21,0.999691
2,21,0.999673
3,21,0.999653
4,21,0.999631
5,21,0.999607
6,21,0.999581
7,21,0.999552
8,21,0.999521
9,21,0.999486
10,21,0.999448
11,21,0.999406
12,21,0.999359
13,21,0.999308
14,21,0.999251
15,21,0.999187
16,21,0.999116
17,21,0.999038
18,21,0.99895
19,21,0.998854
20,21,0.998746
21,21,0.998628
22,21,0.998498
23,21,0.998357
24,21,0.998205
25,21,0.998045
26,21,0.997881
27,21,0.997717
28,21,0.997562
29,21,0.997427
30,21,0.997321
31,21,0.997254
32,21,0.997234
33,21,0.997262
34,21,0.997334
35,21,0.997442
36,21,0.997578
37,21,0.997729
38,21,0.997889
39,21,0.99805
40,21,0.998207
41,21,0.998356
42,21,0.998496
43,21,0.998625
44,21,0.998743
45,21,0.998851
46,21,0.998949
47,21,0.999038
48,21,0.999118
49,21,0.999188
50,21,0.999252
51,21,0.999309
52,21,0.99936
53,21,0.999407
54,21,0.999449
55,21,0.999487
56,21,0.999522
57,21,0.999553
58,21,0.999582
59,21,0.999608
60,21,0.999632
61,21,0.999653
62,21,0.999673
63,21,0.457148
0,22,0.439889
1,22,0.999685
2,22,0.999666
3,22,0.999645
4,22,0.999622
5,22,0.999597
6,22,0.999569
7,22,0.999539
8,22,0.999506
9,22,0.999469
10,22,0.999428
11,22,0.999383
12,22,0.999332
13,22,0.999276
14,22,0.999213
15,22,0.999143
16,22,0.999064
17,22,0.998976
18,22,0.998876
19,22,0.998764
20,22,0.998639
21,22,0.998499
22,22,0.998342
23,22,0.998169
24,22,0.997979
25,22,0.997774
26,22,0.997559
27,22,0.997338
28,22,0.997124
29,22,0.996934
30,22,0.996783
31,22,0.996688
32,22,0.99666
33,22,0.996702
34,22,0.996806
35,22,0.996959
36,22,0.997147
37,22,0.997353
38,22,0.997566
39,22,0.997776
40,22,0.997977
41,22,0.998164
42,22,0.998336
43,22,0.998493
44,22,0.998633
45,22,0.99876
46,22,0.998873
47,22,0.998975
48,22,0.999065
49,22,0.999144
50,22,0.999214
51,22,0.999277
52,22,0.999333
53,22,0.999384
54,22,0.999429
55,22,0.99947
56,22,0.999507
57,22,0.99954
58,22,0.99957
59,22,0.999598
60,22,0.999623
61,22,0.999646
62,22,0.999667
63,22,0.439956
0,23,0.42312
1,23,0.99968
2,23,0.99966
3,23,0.999638
4,23,0.999614
5,23,0.999587
6,23,0.999559
7,23,0.999526
8,23,0.999491
9,23,0.999452
10,23,0.999409
11,23,0.99936
12,23,0.999305
13,23,0.999244
14,23,0.999176
15,23,0.999098
16,23,0.999011
17,23,0.998912
18,23,0.998799
19,23,0.998671
20,23,0.998525
21,23,0.998359
22,23,0.998171
23,23,0.997958
24,23,0.997719
25,23,0.997456
26,23,0.99717
27,23,0.996868
28,23,0.996566
29,23,0.99629
30,23,0.996067
31,23,0.995927
32,23,0.99589
33,23,0.995956
34,23,0.996112
35,23,0.996336
36,23,0.996602
37,23,0.996888
38,23,0.997176
39,23,0.997453
40,23,0.997712
41,23,0.997948
42,23,0.99816
43,23,0.998349
44,23,0.998516
45,23,0.998664
46,23,0.998794
47,23,0.99891
48,23,0.999012
49,23,0.9991
50,23,0.999177
51,23,0.999246
52,23,0.999307
53,23,0.999361
54,23,0.99941
55,23,0.999453
56,23,0.999492
57,23,0.999528
58,23,0.999559
59,23,0.999588
60,23,0.999615
61,23,0.999638
62,23,0.99966
63,23,0.423178
0,24,0.406984
1,24,0.999674
2,24,0.999654
3,24,0.999631
4,24,0.999606
5,24,0.999579
6,24,0.999548
7,24,0.999515
8,24,0.999478
9,24,0.999436
10,24,0.99939
11,24,0.999338
12,24,0.999279
13,24,0.999213
14,24,0.999139
15,24,0.999054
16,24,0.998958
17,24,0.998847
18,24,0.998721
19,24,0.998575
20,24,0.998406
21,24,0.998211
22,24,0.997985
23,24,0.997725
24,24,0.997424
25,24,0.997082
26,24,0.996699
27,24,0.996278
28,24,0.99584
29,24,0.995424
30,24,0.995081
31,24,0.994869
32,24,0.99482
33,24,0.994934
34,24,0.995181
35,24,0.995519
36,24,0.995907
37,24,0.996311
38,24,0.996705
39,24,0.997074
40,24,0.997408
41,24,0.997706
42,24,0.997967
43,24,0.998195
44,24,0.998393
45,24,0.998565
46,24,0.998714
47,24,0.998844
48,24,0.998958
49,24,0.999056
50,24,0.999141
51,24,0.999215
52,24,0.999281
53,24,0.999339
54,24,0.999391
55,24,0.999437
56,24,0.999479
57,24,0.999516
58,24,0.999549
59,24,0.999579
60,24,0.999607
61,24,0.999631
62,24,0.999654
63,24,0.407031
0,25,0.391725
1,25,0.999669
2,25,0.999648
3,25,0.999625
4,25,0.999599
5,25,0.99957
6,25,0.999539
7,25,0.999504
8,25,0.999465
9,25,0.999421
10,25,0.999372
11,25,0.999317
12,25,0.999255
13,25,0.999184
14,25,0.999103
15,25,0.999011
16,25,0.998905
17,25,0.998784
18,25,0.998643
19,25,0.998478
20,25,0.998285
21,25,0.998057
22,25,0.997788
23,25,0.99747
24,25,0.997093
25,25,0.996649
26,25,0.996128
27,25,0.995527
28,25,0.994865
29,25,0.994203
30,25,0.993645
31,25,0.993307
32,25,0.993257
33,25,0.993479
34,25,0.993897
35,25,0.994432
36,25,0.995013
37,25,0.995594
38,25,0.996139
39,25,0.996632
40,25,0.997065
41,25,0.99744
42,25,0.99776
43,25,0.998033
44,25,0.998266
45,25,0.998464
46,25,0.998633
47,25,0.998779
48,25,0.998905
49,25,0.999014
50,25,0.999106
51,25,0.999186
52,25,0.999257
53,25,0.999319
54,25,0.999374
55,25,0.999423
56,25,0.999466
57,25,0.999505
58,25,0.99954
59,25,0.999571
60,25,0.999599
61,25,0.999625
62,25,0.999648
63,25,0.391761
0,26,0.377616
1,26,0.999665
2,26,0.999643
3,26,0.999619
4,26,0.999593
5,26,0.999563
6,26,0.999531
7,26,0.999494
8,26,0.999453
9,26,0.999407
10,26,0.999356
11,26,0.999298
12,26,0.999232
13,26,0.999156
14,26,0.99907
15,26,0.99897
16,26,0.998855
17,26,0.998722
18,26,0.998567
19,26,0.998384
20,26,0.998165
21,26,0.997903
22,26,0.997586
23,26,0.9972
24,26,0.996729
25,26,0.99615
26,26,0.995434
27,26,0.994549
28,26,0.993493
29,26,0.992355
30,26,0.991361
31,26,0.990797
32,26,0.990807
33,26,0.991298
34,26,0.99207
35,26,0.992959
36,26,0.993859
37,26,0.994706
38,26,0.995467
39,26,0.996126
40,26,0.996685
41,26,0.997154
42,26,0.997544
43,26,0.997868
44,26,0.998139
45,26,0.998365
46,26,0.998555
47,26,0.998717
48,26,0.998855
49,26,0.998973
50,26,0.999073
51,26,0.999159
52,26,0.999234
53,26,0.9993
54,26,0.999358
55,26,0.999409
56,26,0.999455
57,26,0.999495
58,26,0.999531
59,26,0.999564
60,26,0.999593
61,26,0.99962
62,26,0.999644
63,26,0.37764
0,27,0.364953
1,27,0.999661
2,27,0.999639
3,27,0.999614
4,27,0.999587
5,27,0.999557
6,27,0.999523
7,27,0.999486
8,27,0.999443
9,27,0.999396
10,27,0.999342
11,27,0.999281
12,27,0.999212
13,27,0.999131
14,27,0.999039
15,27,0.998932
16,27,0.998809
17,27,0.998665
18,27,0.998497
19,27,0.998298
20,27,0.998057
21,27,0.997759
22,27,0.997389
23,27,0.996926
24,27,0.996339
25,27,0.995586
26,27,0.994591
27,27,0.993241
28,27,0.991439
29,27,0.98928
30,27,0.987289
31,27,0.986279
32,27,0.986597
33,27,0.987822
34,27,0.989377
35,27,0.990938
36,27,0.992372
37,27,0.993626
38,27,0.994687
39,27,0.995564
40,27,0.996278
41,27,0.996857
42,27,0.997325
43,27,0.997705
44,27,0.998016
45,27,0.998271
46,27,0.998483
47,27,0.99866
48,27,0.998809
49,27,0.998936
50,27,0.999043
51,27,0.999135
52,27,0.999214
53,27,0.999283
54,27,0.999344
55,27,0.999397
56,27,0.999444
57,27,0.999487
58,27,0.999524
59,27,0.999557
60,27,0.999587
61,27,0.999615
62,27,0.999639
63,27,0.364966
0,28,0.354039
1,28,0.999658
2,28,0.999635
3,28,0.99961
4,28,0.999582
5,28,0.999551
6,28,0.999517
7,28,0.999478
8,28,0.999435
9,28,0.999386
10,28,0.99933
11,28,0.999266
12,28,0.999194
13,28,0.99911
14,28,0.999012
15,28,0.998899
16,28,0.998767
17,28,0.998614
18,28,0.998438
19,28,0.998229
20,28,0.997972
21,28,0.997643
22,28,0.997215
23,28,0.996662
24,28,0.995939
25,28,0.994964
26,28,0.993571
27,28,0.991453
28,28,0.988192
29,28,0.983695
30,28,0.97921
31,28,0.977286
32,28,0.978838
33,28,0.982065
34,28,0.985351
35,28,0.988194
36,28,0.990512
37,28,0.992361
38,28,0.993821
39,28,0.994967
40,28,0.995863
41,28,0.996564
42,28,0.997116
43,28,0.997553
44,28,0.997903
45,28,0.998186
46,28,0.998417
47,28,0.998609
48,28,0.998769
49,28,0.998904
50,28,0.999017
51,28,0.999114
52,28,0.999197
53,28,0.999269
54,28,0.999332
55,28,0.999387
56,28,0.999436
57,28,0.999479
58,28,0.999518
59,28,0.999552
60,28,0.999583
61,28,0.999611
62,28,0.999636
63,28,0.35404
0,29,0.34517
1,29,0.999656
2,29,0.999633
3,29,0.999607
4,29,0.999579
5,29,0.999547
6,29,0.999512
7,29,0.999472
8,29,0.999428
9,29,0.999378
10,29,0.999321
11,29,0.999255
12,29,0.99918
13,29,0.999092
14,29,0.99899
15,29,0.99887
16,29,0.99873
17,29,0.998571
18,29,0.998394
19,29,0.998191
20,29,0.997933
21,29,0.997575
22,29,0.997082
23,29,0.996425
24,29,0.995546
25,29,0.994301
26,29,0.992368
27,29,0.989043
28,29,0.983088
29,29,0.97346
30,29,0.96262
31,29,0.958808
32,29,0.964808
33,29,0.97301
34,29,0.979729
35,29,0.984783
36,29,0.988392
37,29,0.991005
38,29,0.992939
39,29,0.994384
40,29,0.995472
41,29,0.996297
42,29,0.996929
43,29,0.99742
44,29,0.997806
45,29,0.998114
46,29,0.998363
47,29,0.998567
48,29,0.998736
49,29,0.998878
50,29,0.998996
51,29,0.999097
52,29,0.999183
53,29,0.999257
54,29,0.999322
55,29,0.999379
56,29,0.999429
57,29,0.999473
58,29,0.999513
59,29,0.999548
60,29,0.999579
61,29,0.999607
62,29,0.999633
63,29,0.345162
0,30,0.338613
1,30,0.999654
2,30,0.999631
3,30,0.999605
4,30,0.999576
5,30,0.999544
6,30,0.999509
7,30,0.999469
8,30,0.999423
9,30,0.999372
10,30,0.999314
11,30,0.999247
12,30,0.99917
13,30,0.99908
14,30,0.998974
15,30,0.998849
16,30,0.998702
17,30,0.998537
18,30,0.998365
19,30,0.998177
20,30,0.997926
21,30,0.997541
22,30,0.996978
23,30,0.996217
24,30,0.995178
25,30,0.993637
26,30,0.991035
27,30,0.986048
28,30,0.975933
29,30,0.957093
30,30,0.931821
31,30,0.923166
32,30,0.943708
33,30,0.962027
34,30,0.973884
35,30,0.98158
36,30,0.986445
37,30,0.98978
38,30,0.992161
39,30,0.993886
40,30,0.995147
41,30,0.99608
42,30,0.996782
43,30,0.997317
44,30,0.997732
45,30,0.99806
46,30,0.998323
47,30,0.998536
48,30,0.998712
49,30,0.998858
50,30,0.99898
51,30,0.999084
52,30,0.999173
53,30,0.999249
54,30,0.999315
55,30,0.999373
56,30,0.999424
57,30,0.999469
58,30,0.999509
59,30,0.999545
60,30,0.999576
61,30,0.999605
62,30,0.999631
63,30,0.338597
0,31,0.334584
1,31,0.999653
2,31,0.999629
3,31,0.999604
4,31,0.999575
5,31,0.999543
6,31,0.999507
7,31,0.999466
8,31,0.999421
9,31,0.999369
10,31,0.99931
11,31,0.999242
12,31,0.999164
13,31,0.999072
14,31,0.998963
15,31,0.783467
16,31,0.777027
17,31,0.99849
18,31,0.998279
19,31,0.998022
20,31,0.997642
21,31,0.996988
22,31,0.995864
23,31,0.993888
24,31,0.990079
25,31,0.981905
26,31,0.962811
27,31,0.916267
28,31,0.805909
29,31,0.58166
30,31,0.332618
31,31,0.571566
32,31,0.907849
33,31,0.955756
34,31,0.972125
35,31,0.980057
36,31,0.985243
37,31,0.988957
38,31,0.991633
39,31,0.993552
40,31,0.994934
41,31,0.995942
42,31,0.996688
43,31,0.997253
44,31,0.997687
45,31,0.998027
46,31,0.998298
47,31,0.995189
48,31,0.99871
49,31,0.998846
50,31,0.998971
51,31,0.999076
52,31,0.999166
53,31,0.999244
54,31,0.999311
55,31,0.99937
56,31,0.999421
57,31,0.999466
58,31,0.999507
59,31,0.999543
60,31,0.999575
61,31,0.999604
62,31,0.99963
63,31,0.521729
0,32,0.333186
1,32,0.999653
2,32,0.999629
3,32,0.999603
4,32,0.999574
5,32,0.999542
6,32,0.999506
7,32,0.999466
8,32,0.99942
9,32,0.999368
10,32,0.999309
11,32,0.999242
12,32,0.999163
13,32,0.999072
14,32,0.998964
15,32,0.776865
16,32,0.833667
17,32,0.998482
18,32,0.998228
19,32,0.997897
20,32,0.997443
21,32,0.996753
22,32,0.995634
23,32,0.993649
24,32,0.98974
25,32,0.981231
26,32,0.961153
27,32,0.911796
28,32,0.793946
29,32,0.553115
30,32,0.284472
31,32,0.542164
32,32,0.8628
33,32,0.955189
34,32,0.973183
35,32,0.97996
36,32,0.984924
37,32,0.988699
38,32,0.991462
39,32,0.993445
40,32,0.994867
41,32,0.995899
42,32,0.996661
43,32,0.997234
44,32,0.997674
45,32,0.998018
46,32,0.998292
47,32,0.998753
48,32,0.998962
49,32,0.998842
50,32,0.998968
51,32,0.999074
52,32,0.999164
53,32,0.999242
54,32,0.999309
55,32,0.999368
56,32,0.99942
57,32,0.999466
58,32,0.999506
59,32,0.999542
60,32,0.999574
61,32,0.999603
62,32,0.999629
63,32,0.555382
0,33,0.334585
1,33,0.999653
2,33,0.999629
3,33,0.999604
4,33,0.999575
5,33,0.999543
6,33,0.999507
7,33,0.999466
8,33,0.999421
9,33,0.99937
10,33,0.999312
11,33,0.999245
12,33,0.999168
13,33,0.999078
14,33,0.998974
15,33,0.998852
16,33,0.998706
17,33,0.998516
18,33,0.998253
19,33,0.99791
20,33,0.997507
21,33,0.997051
22,33,0.996509
23,33,0.995773
24,33,0.994672
25,33,0.992873
26,33,0.98956
27,33,0.982676
28,33,0.967732
29,33,0.938186
30,33,0.894292
31,33,0.858821
32,33,0.916412
33,33,0.956292
34,33,0.972426
35,33,0.980237
36,33,0.985354
37,33,0.989029
38,33,0.991681
39,33,0.993585
40,33,0.994958
41,33,0.995959
42,33,0.996702
43,33,0.997263
44,33,0.997695
45,33,0.998033
46,33,0.998303
47,33,0.998521
48,33,0.998699
49,33,0.998847
50,33,0.998971
51,33,0.999076
52,33,0.999166
53,33,0.999244
54,33,0.999311
55,33,0.99937
56,33,0.999421
57,33,0.999466
58,33,0.999507
59,33,0.999543
60,33,0.999575
61,33,0.999603
62,33,0.999629
63,33,0.334564
0,34,0.338614
1,34,0.999654
2,34,0.999631
3,34,0.999605
4,34,0.999576
5,34,0.999545
6,34,0.999509
7,34,0.99947
8,34,0.999425
9,34,0.999374
10,34,0.999317
11,34,0.999251
12,34,0.999175
13,34,0.999088
14,34,0.998986
15,34,0.998867
16,34,0.998723
17,34,0.998536
18,34,0.998278
19,34,0.997938
20,34,0.997537
21,34,0.997096
22,34,0.996588
23,34,0.995919
24,34,0.99495
25,34,0.993445
26,34,0.990855
27,34,0.985869
28,34,0.975762
29,34,0.957011
30,34,0.931985
31,34,0.923582
32,34,0.944279
33,34,0.962574
34,34,0.974266
35,34,0.981833
36,34,0.986614
37,34,0.989895
38,34,0.992242
39,34,0.993944
40,34,0.995189
41,34,0.996112
42,34,0.996806
43,34,0.997335
44,34,0.997747
45,34,0.998071
46,34,0.998331
47,34,0.998542
48,34,0.998715
49,34,0.998859
50,34,0.99898
51,34,0.999084
52,34,0.999173
53,34,0.999249
54,34,0.999315
55,34,0.999373
56,34,0.999424
57,34,0.999469
58,34,0.999509
59,34,0.999544
60,34,0.999576
61,34,0.999605
62,34,0.999631
63,34,0.338598
0,35,0.345173
1,35,0.999656
2,35,0.999633
3,35,0.999607
4,35,0.999579
5,35,0.999548
6,35,0.999513
7,35,0.999474
8,35,0.99943
9,35,0.99938
10,35,0.999324
11,35,0.99926
12,35,0.999186
13,35,0.999101
14,35,0.999002
15,35,0.998885
16,35,0.998745
17,35,0.998568
18,35,0.998339
19,35,0.998045
20,35,0.997692
21,35,0.997284
22,35,0.996803
23,35,0.996188
24,35,0.99535
25,35,0.994135
26,35,0.992218
27,35,0.988902
28,35,0.982936
29,35,0.973284
30,35,0.962496
31,35,0.958844
32,35,0.965008
33,35,0.973281
34,35,0.979984
35,35,0.98499
36,35,0.988551
37,35,0.991125
38,35,0.993028
39,35,0.994452
40,35,0.995524
41,35,0.996337
42,35,0.99696
43,35,0.997444
44,35,0.997826
45,35,0.998129
46,35,0.998375
47,35,0.998575
48,35,0.998741
49,35,0.998879
50,35,0.998996
51,35,0.999097
52,35,0.999183
53,35,0.999257
54,35,0.999322
55,35,0.999379
56,35,0.999429
57,35,0.999473
58,35,0.999512
59,35,0.999547
60,35,0.999579
61,35,0.999607
62,35,0.999633
63,35,0.345164
0,36,0.354045
1,36,0.999659
2,36,0.999636
3,36,0.999611
4,36,0.999583
5,36,0.999553
6,36,0.999518
7,36,0.99948
8,36,0.999437
9,36,0.999389
10,36,0.999334
11,36,0.999272
12,36,0.9992
13,36,0.999117
14,36,0.999022
15,36,0.998909
16,36,0.998775
17,36,0.998611
18,36,0.998408
19,36,0.998158
20,36,0.997854
21,36,0.997492
22,36,0.997053
23,36,0.996507
24,36,0.995799
25,36,0.99484
26,36,0.99346
27,36,0.991353
28,36,0.988088
29,36,0.983563
30,36,0.979059
31,36,0.977173
32,36,0.978814
33,36,0.982124
34,36,0.985455
35,36,0.988309
36,36,0.99062
37,36,0.992455
38,36,0.9939
39,36,0.995031
40,36,0.995915
41,36,0.996606
42,36,0.997149
43,36,0.99758
44,36,0.997925
45,36,0.998203
46,36,0.998431
47,36,0.998618
48,36,0.998774
49,36,0.998905
50,36,0.999017
51,36,0.999114
52,36,0.999197
53,36,0.999269
54,36,0.999332
55,36,0.999387
56,36,0.999436
57,36,0.999479
58,36,0.999517
59,36,0.999552
60,36,0.999583
61,36,0.99961
62,36,0.999636
63,36,0.354046
0,37,0.36496
1,37,0.999662
2,37,0.99964
3,37,0.999615
4,37,0.999588
5,37,0.999558
6,37,0.999524
7,37,0.999487
8,37,0.999446
9,37,0.999399
10,37,0.999346
11,37,0.999286
12,37,0.999217
13,37,0.999138
14,37,0.999047
15,37,0.99894
16,37,0.998813
17,37,0.998663
18,37,0.998481
19,37,0.998262
20,37,0.997999
21,37,0.997682
22,37,0.9973
23,37,0.996832
24,37,0.996249
25,37,0.995502
26,37,0.994514
27,37,0.993174
28,37,0.991374
29,37,0.989199
30,37,0.987185
31,37,0.986169
32,37,0.986513
33,37,0.987786
34,37,0.989386
35,37,0.990977
36,37,0.992426
37,37,0.993684
38,37,0.994742
39,37,0.995614
40,37,0.996322
41,37,0.996895
42,37,0.997357
43,37,0.997732
44,37,0.998038
45,37,0.998289
46,37,0.998496
47,37,0.998669
48,37,0.998814
49,37,0.998936
50,37,0.999043
51,37,0.999135
52,37,0.999214
53,37,0.999283
54,37,0.999344
55,37,0.999397
56,37,0.999444
57,37,0.999486
58,37,0.999524
59,37,0.999557
60,37,0.999587
61,37,0.999614
62,37,0.999639
63,37,0.364971
0,38,0.37762
1,38,0.999666
2,38,0.999644
3,38,0.99962
4,38,0.999593
5,38,0.999564
6,38,0.999532
7,38,0.999496
8,38,0.999456
9,38,0.999411
10,38,0.99936
11,38,0.999302
12,38,0.999236
13,38,0.999162
14,38,0.999075
15,38,0.998975
16,38,0.998858
17,38,0.998721
18,38,0.998558
19,38,0.998364
20,38,0.998135
21,38,0.997862
22,38,0.997536
23,38,0.997145
24,38,0.996673
25,38,0.996095
26,38,0.995383
27,38,0.994505
28,38,0.993453
29,38,0.992307
30,38,0.991297
31,38,0.990719
32,38,0.990729
33,38,0.991237
34,38,0.992037
35,38,0.992952
36,38,0.993872
37,38,0.994732
38,38,0.995498
39,38,0.996159
40,38,0.996718
41,38,0.997184
42,38,0.997571
43,38,0.997892
44,38,0.998159
45,38,0.998382
46,38,0.998569
47,38,0.998726
48,38,0.998859
49,38,0.998973
50,38,0.999072
51,38,0.999159
52,38,0.999234
53,38,0.9993
54,38,0.999358
55,38,0.999409
56,38,0.999454
57,38,0.999495
58,38,0.999531
59,38,0.999564
60,38,0.999593
61,38,0.999619
62,38,0.999643
63,38,0.377643
0,39,0.391724
1,39,0.99967
2,39,0.999649
3,39,0.999625
4,39,0.9996
5,39,0.999572
6,39,0.999541
7,39,0.999506
8,39,0.999467
9,39,0.999424
10,39,0.999375
11,39,0.999321
12,39,0.999259
13,39,0.999188
14,39,0.999108
15,39,0.999015
16,39,0.998907
17,39,0.998782
18,39,0.998637
19,39,0.998467
20,39,0.998268
21,39,0.998034
22,39,0.99776
23,39,0.997438
24,39,0.997059
25,39,0.996615
26,39,0.996095
27,39,0.995499
28,39,0.994841
29,39,0.994175
30,39,0.993607
31,39,0.993258
32,39,0.993201
33,39,0.993424
34,39,0.993853
35,39,0.994404
36,39,0.995002
37,39,0.995595
38,39,0.99615
39,39,0.996649
40,39,0.997085
41,39,0.997461
42,39,0.997781
43,39,0.998053
44,39,0.998283
45,39,0.998478
46,39,0.998645
47,39,0.998787
48,39,0.998908
49,39,0.999012
50,39,0.999105
51,39,0.999186
52,39,0.999257
53,39,0.999319
54,39,0.999374
55,39,0.999423
56,39,0.999466
57,39,0.999505
58,39,0.99954
59,39,0.999571
60,39,0.999599
61,39,0.999625
62,39,0.999648
63,39,0.391759
0,40,0.406981
1,40,0.999675
2,40,0.999654
3,40,0.999632
4,40,0.999607
5,40,0.99958
6,40,0.99955
7,40,0.999517
8,40,0.99948
9,40,0.999439
10,40,0.999393
11,40,0.999341
12,40,0.999283
13,40,0.999217
14,40,0.999142
15,40,0.999057
16,40,0.998959
17,40,0.998846
18,40,0.998717
19,40,0.998568
20,40,0.998396
21,40,0.998198
22,40,0.997969
23,40,0.997705
24,40,0.997404
25,40,0.997062
26,40,0.996679
27,40,0.996261
28,40,0.995826
29,40,0.995407
30,40,0.995059
31,40,0.994839
32,40,0.994782
33,40,0.994892
34,40,0.995141
35,40,0.995486
36,40,0.995885
37,40,0.996299
38,40,0.996702
39,40,0.997078
40,40,0.997417
41,40,0.997718
42,40,0.99798
43,40,0.998208
44,40,0.998406
45,40,0.998576
46,40,0.998723
47,40,0.998849
48,40,0.998958
49,40,0.999054
50,40,0.99914
51,40,0.999215
52,40,0.999281
53,40,0.99934
54,40,0.999391
55,40,0.999437
56,40,0.999479
57,40,0.999516
58,40,0.999549
59,40,0.999579
60,40,0.999606
61,40,0.999631
62,40,0.999654
63,40,0.407028
0,41,0.423117
1,41,0.99968
2,41,0.99966
3,41,0.999639
4,41,0.999615
5,41,0.999589
6,41,0.99956
7,41,0.999528
8,41,0.999493
9,41,0.999454
10,41,0.999411
11,41,0.999362
12,41,0.999308
13,41,0.999247
14,41,0.999178
15,41,0.9991
16,41,0.999012
17,41,0.998911
18,41,0.998797
19,41,0.998667
20,41,0.998519
21,41,0.998351
22,41,0.998161
23,41,0.997947
24,41,0.997708
25,41,0.997444
26,41,0.997158
27,41,0.996858
28,41,0.996559
29,41,0.996281
30,41,0.996055
31,41,0.99591
32,41,0.995866
33,41,0.995927
34,41,0.996081
35,41,0.996306
36,41,0.996577
37,41,0.99687
38,41,0.997165
39,41,0.997448
40,41,0.997712
41,41,0.997952
42,41,0.998167
43,41,0.998357
44,41,0.998524
45,41,0.998672
46,41,0.9988
47,41,0.998913
48,41,0.999011
49,41,0.999098
50,41,0.999176
51,41,0.999246
52,41,0.999307
53,41,0.999361
54,41,0.99941
55,41,0.999453
56,41,0.999492
57,41,0.999527
58,41,0.999559
59,41,0.999588
60,41,0.999614
61,41,0.999638
62,41,0.99966
63,41,0.423175
0,42,0.439883
1,42,0.999686
2,42,0.999667
3,42,0.999646
4,42,0.999623
5,42,0.999598
6,42,0.999571
7,42,0.999541
8,42,0.999507
9,42,0.999471
10,42,0.99943
11,42,0.999385
12,42,0.999334
13,42,0.999278
14,42,0.999215
15,42,0.999144
16,42,0.999065
17,42,0.998976
18,42,0.998875
19,42,0.998762
20,42,0.998636
21,42,0.998494
22,42,0.998336
23,42,0.998162
24,42,0.997972
25,42,0.997768
26,42,0.997552
27,42,0.997333
28,42,0.997121
29,42,0.996929
30,42,0.996776
31,42,0.996678
32,42,0.996646
33,42,0.996683
34,42,0.996783
35,42,0.996935
36,42,0.997124
37,42,0.997334
38,42,0.997551
39,42,0.997766
40,42,0.997971
41,42,0.998162
42,42,0.998337
43,42,0.998496
44,42,0.998638
45,42,0.998764
46,42,0.998876
47,42,0.998975
48,42,0.999063
49,42,0.999142
50,42,0.999214
51,42,0.999277
52,42,0.999333
53,42,0.999384
54,42,0.999429
55,42,0.99947
56,42,0.999507
57,42,0.99954
58,42,0.99957
59,42,0.999598
60,42,0.999623
61,42,0.999645
62,42,0.999666
63,42,0.439953
0,43,0.457063
1,43,0.999692
2,43,0.999674
3,43,0.999654
4,43,0.999632
5,43,0.999608
6,43,0.999582
7,43,0.999554
8,43,0.999522
9,43,0.999488
10,43,0.99945
11,43,0.999408
12,43,0.999361
13,43,0.99931
14,43,0.999252
15,43,0.999188
16,43,0.999117
17,43,0.999038
18,43,0.99895
19,43,0.998852
20,43,0.998744
21,43,0.998625
22,43,0.998495
23,43,0.998353
24,43,0.998201
25,43,0.998042
26,43,0.997878
27,43,0.997715
28,43,0.997561
29,43,0.997424
30,43,0.997318
31,43,0.99725
32,43,0.997227
33,43,0.997251
34,43,0.997319
35,43,0.997425
36,43,0.997559
37,43,0.997711
38,43,0.997873
39,43,0.998037
40,43,0.998198
41,43,0.99835
42,43,0.998493
43,43,0.998624
44,43,0.998744
45,43,0.998852
46,43,0.99895
47,43,0.999037
48,43,0.999115
49,43,0.999186
50,43,0.999251
51,43,0.999309
52,43,0.99936
53,43,0.999407
54,43,0.999449
55,43,0.999487
56,43,0.999522
57,43,0.999553
58,43,0.999582
59,43,0.999608
60,43,0.999632
61,43,0.999653
62,43,0.999673
63,43,0.457146
0,44,0.474469
1,44,0.999699
2,44,0.999681
3,44,0.999662
4,44,0.999641
5,44,0.999619
6,44,0.999594
7,44,0.999567
8,44,0.999538
9,44,0.999505
10,44,0.99947
11,44,0.999431
12,44,0.999388
13,44,0.999341
14,44,0.999289
15,44,0.999231
16,44,0.999168
17,44,0.999098
18,44,0.999021
19,44,0.998937
20,44,0.998845
21,44,0.998744
22,44,0.998636
23,44,0.998521
24,44,0.998399
25,44,0.998275
26,44,0.998149
27,44,0.998025
28,44,0.99791
29,44,0.997812
30,44,0.997735
31,44,0.997687
32,44,0.99767
33,44,0.997687
34,44,0.997735
35,44,0.997811
36,44,0.997908
37,44,0.998021
38,44,0.998143
39,44,0.998269
40,44,0.998395
41,44,0.998517
42,44,0.998633
43,44,0.998742
44,44,0.998843
45,44,0.998936
46,44,0.99902
47,44,0.999096
48,44,0.999166
49,44,0.99923
50,44,0.999288
51,44,0.99934
52,44,0.999388
53,44,0.99943
54,44,0.999469
55,44,0.999505
56,44,0.999537
57,44,0.999566
58,44,0.999593
59,44,0.999618
60,44,0.999641
61,44,0.999661
62,44,0.999681
63,44,0.474564
0,45,0.491944
1,45,0.999706
2,45,0.999688
3,45,0.99967
4,45,0.999651
5,45,0.999629
6,45,0.999606
7,45,0.999581
8,45,0.999553
9,45,0.999523
10,45,0.99949
11,45,0.999454
12,45,0.999415
13,45,0.999372
14,45,0.999325
15,45,0.999273
16,45,0.999217
17,45,0.999155
18,45,0.999088
19,45,0.999016
20,45,0.998937
21,45,0.998852
22,45,0.998763
23,45,0.998668
24,45,0.998571
25,45,0.998472
26,45,0.998374
27,45,0.998279
28,45,0.998192
29,45,0.998119
30,45,0.998063
31,45,0.998028
32,45,0.998015
33,45,0.998027
34,45,0.998062
35,45,0.998118
36,45,0.998191
37,45,0.998276
38,45,0.998369
39,45,0.998467
40,45,0.998566
41,45,0.998664
42,45,0.998759
43,45,0.998849
44,45,0.998935
45,45,0.999014
46,45,0.999087
47,45,0.999153
48,45,0.999215
49,45,0.999272
50,45,0.999324
51,45,0.999371
52,45,0.999414
53,45,0.999454
54,45,0.99949
55,45,0.999523
56,45,0.999553
57,45,0.99958
58,45,0.999606
59,45,0.999629
60,45,0.99965
61,45,0.99967
62,45,0.999688
63,45,0.492048
0,46,0.509356
1,46,0.999712
2,46,0.999696
3,46,0.999679
4,46,0.99966
5,46,0.99964
6,46,0.999618
7,46,0.999595
8,46,0.999569
9,46,0.999541
10,46,0.999511
11,46,0.999478
12,46,0.999442
13,46,0.999403
14,46,0.99936
15,46,0.999314
16,46,0.999264
17,46,0.99921
18,46,0.999151
19,46,0.999088
20,46,0.999021
21,46,0.99895
22,46,0.998875
23,46,0.998798
24,46,0.998719
25,46,0.99864
26,46,0.998563
27,46,0.998489
28,46,0.998423
29,46,0.998368
30,46,0.998326
31,46,0.998299
32,46,0.998289
33,46,0.998298
34,46,0.998325
35,46,0.998366
36,46,0.998421
37,46,0.998486
38,46,0.998559
39,46,0.998636
40,46,0.998715
41,46,0.998794
42,46,0.998872
43,46,0.998947
44,46,0.999019
45,46,0.999087
46,46,0.999149
47,46,0.999207
48,46,0.999262
49,46,0.999313
50,46,0.999359
51,46,0.999402
52,46,0.999441
53,46,0.999477
54,46,0.99951
55,46,0.999541
56,46,0.999569
57,46,0.999594
58,46,0.999618
59,46,0.99964
60,46,0.99966
61,46,0.999678
62,46,0.999696
63,46,0.509464
0,47,0.49597
1,47,0.99972
2,47,0.999704
3,47,0.999687
4,47,0.99967
5,47,0.999651
6,47,0.999631
7,47,0.999608
8,47,0.999584
9,47,0.999559
10,47,0.999531
11,47,0.9995
12,47,0.999467
13,47,0.999432
14,47,0.999394
15,47,0.807844
16,47,0.896102
17,47,0.999261
18,47,0.99921
19,47,0.999155
20,47,0.999098
21,47,0.999038
22,47,0.998975
23,47,0.998911
24,47,0.998847
25,47,0.998784
26,47,0.998722
27,47,0.998664
28,47,0.998613
29,47,0.998571
30,47,0.998539
31,47,0.8862
32,47,0.897669
33,47,0.998517
34,47,0.998537
35,47,0.998569
36,47,0.998611
37,47,0.998662
38,47,0.998719
39,47,0.99878
40,47,0.998844
41,47,0.998908
42,47,0.998972
43,47,0.999035
44,47,0.999096
45,47,0.999153
46,47,0.999207
47,47,0.969887
48,47,0.997357
49,47,0.999352
50,47,0.999393
51,47,0.999432
52,47,0.999467
53,47,0.9995
54,47,0.99953
55,47,0.999558
56,47,0.999584
57,47,0.999608
58,47,0.99963
59,47,0.999651
60,47,0.99967
61,47,0.999687
62,47,0.999704
63,47,0.636922
0,48,0.603257
1,48,0.999727
2,48,0.999712
3,48,0.999696
4,48,0.99968
5,48,0.999662
6,48,0.999643
7,48,0.999622
8,48,0.9996
9,48,0.999576
10,48,0.99955
11,48,0.999522
12,48,0.999492
13,48,0.99946
14,48,0.999426
15,48,0.807404
16,48,0.919336
17,48,0.999308
18,48,0.999264
19,48,0.999217
20,48,0.999168
21,48,0.999117
22,48,0.999064
23,48,0.999011
24,48,0.998959
25,48,0.998907
26,48,0.998857
27,48,0.998811
28,48,0.998771
29,48,0.998738
30,48,0.998714
31,48,0.886858
32,48,0.983573
33,48,0.998697
34,48,0.998712
35,48,0.998737
36,48,0.99877
37,48,0.99881
38,48,0.998855
39,48,0.998904
40,48,0.998955
41,48,0.999008
42,48,0.999062
43,48,0.999115
44,48,0.999166
45,48,0.999214
46,48,0.999261
47,48,0.967238
48,48,0.969991
49,48,0.999389
50,48,0.999426
51,48,0.99946
52,48,0.999492
53,48,0.999522
54,48,0.99955
55,48,0.999576
56,48,0.9996
57,48,0.999622
58,48,0.999643
59,48,0.999662
60,48,0.99968
61,48,0.999696
62,48,0.999712
63,48,0.650453
0,49,0.560191
1,49,0.999734
2,49,0.99972
3,49,0.999705
4,49,0.99969
5,49,0.999673
6,49,0.999655
7,49,0.999636
8,49,0.999615
9,49,0.999593
10,49,0.999569
11,49,0.999544
12,49,0.999517
13,49,0.999488
14,49,0.999457
15,49,0.999424
16,49,0.999389
17,49,0.999353
18,49,0.999314
19,49,0.999273
20,49,0.999231
21,49,0.999188
22,49,0.999144
23,49,0.9991
24,49,0.999056
25,49,0.999014
26,49,0.998973
27,49,0.998936
28,49,0.998904
29,49,0.998878
30,49,0.99886
31,49,0.998847
32,49,0.998843
33,49,0.998846
34,49,0.998858
35,49,0.998877
36,49,0.998903
37,49,0.998935
38,49,0.998971
39,49,0.999011
40,49,0.999053
41,49,0.999097
42,49,0.999142
43,49,0.999186
44,49,0.999229
45,49,0.99927
46,49,0.999312
47,49,0.999352
48,49,0.999389
49,49,0.999424
50,49,0.999457
51,49,0.999488
52,49,0.999517
53,49,0.999544
54,49,0.999569
55,49,0.999593
56,49,0.999615
57,49,0.999636
58,49,0.999655
59,49,0.999673
60,49,0.99969
61,49,0.999705
62,49,0.99972
63,49,0.560309
0,50,0.576424
1,50,0.999741
2,50,0.999728
3,50,0.999714
4,50,0.999699
5,50,0.999684
6,50,0.999667
7,50,0.999649
8,50,0.99963
9,50,0.99961
10,50,0.999588
11,50,0.999565
12,50,0.99954
13,50,0.999514
14,50,0.999486
15,50,0.999457
16,50,0.999426
17,50,0.999394
18,50,0.99936
19,50,0.999325
20,50,0.999288
21,50,0.999251
22,50,0.999214
23,50,0.999178
24,50,0.999142
25,50,0.999106
26,50,0.999073
27,50,0.999043
28,50,0.999017
29,50,0.998996
30,50,0.998982
31,50,0.998972
32,50,0.998968
33,50,0.998971
34,50,0.99898
35,50,0.998996
36,50,0.999016
37,50,0.999042
38,50,0.999071
39,50,0.999103
40,50,0.999138
41,50,0.999175
42,50,0.999213
43,50,0.999249
44,50,0.999286
45,50,0.999322
46,50,0.999358
47,50,0.999393
48,50,0.999426
49,50,0.999457
50,50,0.999486
51,50,0.999514
52,50,0.99954
53,50,0.999565
54,50,0.999588
55,50,0.999609
56,50,0.99963
57,50,0.999649
58,50,0.999667
59,50,0.999684
60,50,0.999699
61,50,0.999714
62,50,0.999728
63,50,0.576544
0,51,0.592218
1,51,0.999749
2,51,0.999736
3,51,0.999723
4,51,0.999709
5,51,0.999694
6,51,0.999679
7,51,0.999662
8,51,0.999645
9,51,0.999626
10,51,0.999606
11,51,0.999585
12,51,0.999562
13,51,0.999539
14,51,0.999514
15,51,0.999488
16,51,0.999461
17,51,0.999432
18,51,0.999402
19,51,0.999372
20,51,0.999341
21,51,0.999309
22,51,0.999277
23,51,0.999247
24,51,0.999216
25,51,0.999186
26,51,0.999159
27,51,0.999135
28,51,0.999114
29,51,0.999097
30,51,0.999085
31,51,0.999077
32,51,0.999074
33,51,0.999077
34,51,0.999084
35,51,0.999096
36,51,0.999113
37,51,0.999134
38,51,0.999157
39,51,0.999184
40,51,0.999214
41,51,0.999244
42,51,0.999275
43,51,0.999306
44,51,0.999338
45,51,0.99937
46,51,0.999402
47,51,0.999432
48,51,0.99946
49,51,0.999488
50,51,0.999514
51,51,0.999539
52,51,0.999562
53,51,0.999585
54,51,0.999606
55,51,0.999626
56,51,0.999645
57,51,0.999662
58,51,0.999679
59,51,0.999695
60,51,0.999709
61,51,0.999723
62,51,0.999736
63,51,0.592338
0,52,0.60754
1,52,0.999756
2,52,0.999744
3,52,0.999731
4,52,0.999718
5,52,0.999705
6,52,0.999691
7,52,0.999675
8,52,0.999659
9,52,0.999642
10,52,0.999623
11,52,0.999604
12,52,0.999584
13,52,0.999563
14,52,0.99954
15,52,0.999517
16,52,0.999493
17,52,0.999467
18,52,0.999441
19,52,0.999415
20,52,0.999388
21,52,0.999361
22,52,0.999334
23,52,0.999307
24,52,0.999282
25,52,0.999257
26,52,0.999234
27,52,0.999214
28,52,0.999197
29,52,0.999183
30,52,0.999173
31,52,0.999167
32,52,0.999165
33,52,0.999167
34,52,0.999173
35,52,0.999182
36,52,0.999196
37,52,0.999213
38,52,0.999233
39,52,0.999255
40,52,0.99928
41,52,0.999305
42,52,0.999331
43,52,0.999358
44,52,0.999386
45,52,0.999414
46,52,0.999441
47,52,0.999467
48,52,0.999492
49,52,0.999517
50,52,0.99954
51,52,0.999562
52,52,0.999584
53,52,0.999604
54,52,0.999623
55,52,0.999641
56,52,0.999659
57,52,0.999675
58,52,0.999691
59,52,0.999705
60,52,0.999719
61,52,0.999732
62,52,0.999744
63,52,0.607659
0,53,0.622369
1,53,0.999763
2,53,0.999751
3,53,0.99974
4,53,0.999728
5,53,0.999715
6,53,0.999702
7,53,0.999688
8,53,0.999673
9,53,0.999657
10,53,0.99964
11,53,0.999622
12,53,0.999604
13,53,0.999585
14,53,0.999565
15,53,0.999544
16,53,0.999522
17,53,0.9995
18,53,0.999477
19,53,0.999454
20,53,0.999431
21,53,0.999407
22,53,0.999384
23,53,0.999362
24,53,0.99934
25,53,0.999319
26,53,0.9993
27,53,0.999283
28,53,0.999269
29,53,0.999258
30,53,0.999249
31,53,0.999244
32,53,0.999243
33,53,0.999244
34,53,0.999249
35,53,0.999257
36,53,0.999268
37,53,0.999282
38,53,0.999299
39,53,0.999318
40,53,0.999338
41,53,0.999359
42,53,0.999381
43,53,0.999405
44,53,0.999429
45,53,0.999454
46,53,0.999477
47,53,0.9995
48,53,0.999522
49,53,0.999544
50,53,0.999565
51,53,0.999585
52,53,0.999604
53,53,0.999622
54,53,0.99964
55,53,0.999657
56,53,0.999672
57,53,0.999687
58,53,0.999702
59,53,0.999716
60,53,0.999728
61,53,0.99974
62,53,0.999752
63,53,0.622483
0,54,0.636688
1,54,0.99977
2,54,0.999759
3,54,0.999748
4,54,0.999737
5,54,0.999725
6,54,0.999713
7,54,0.9997
8,54,0.999686
9,54,0.999671
10,54,0.999656
11,54,0.99964
12,54,0.999623
13,54,0.999606
14,54,0.999588
15,54,0.999569
16,54,0.99955
17,54,0.99953
18,54,0.99951
19,54,0.99949
20,54,0.99947
21,54,0.999449
22,54,0.999429
23,54,0.99941
24,54,0.999392
25,54,0.999374
26,54,0.999358
27,54,0.999344
28,54,0.999332
29,54,0.999323
30,54,0.999316
31,54,0.999311
32,54,0.99931
33,54,0.999311
34,54,0.999315
35,54,0.999322
36,54,0.999331
37,54,0.999343
38,54,0.999357
39,54,0.999372
40,54,0.999389
41,54,0.999407
42,54,0.999427
43,54,0.999448
44,54,0.999469
45,54,0.99949
46,54,0.99951
47,54,0.99953
48,54,0.99955
49,54,0.999569
50,54,0.999588
51,54,0.999606
52,54,0.999623
53,54,0.99964
54,54,0.999656
55,54,0.999671
56,54,0.999686
57,54,0.9997
58,54,0.999713
59,54,0.999725
60,54,0.999738
61,54,0.999749
62,54,0.99976
63,54,0.636798
0,55,0.650489
1,55,0.999776
2,55,0.999767
3,55,0.999757
4,55,0.999746
5,55,0.999735
6,55,0.999723
7,55,0.999711
8,55,0.999699
9,55,0.999685
10,55,0.999671
11,55,0.999657
12,55,0.999642
13,55,0.999626
14,55,0.99961
15,55,0.999593
16,55,0.999576
17,55,0.999558
18,55,0.999541
19,55,0.999523
20,55,0.999505
21,55,0.999487
22,55,0.99947
23,55,0.999453
24,55,0.999438
25,55,0.999423
26,55,0.999409
27,55,0.999397
28,55,0.999387
29,55,0.999379
30,55,0.999373
31,55,0.99937
32,55,0.999368
33,55,0.999369
34,55,0.999373
35,55,0.999379
36,55,0.999387
37,55,0.999396
38,55,0.999408
39,55,0.999421
40,55,0.999435
41,55,0.999451
42,55,0.999469
43,55,0.999487
44,55,0.999505
45,55,0.999522
46,55,0.99954
47,55,0.999558
48,55,0.999576
49,55,0.999593
50,55,0.999609
51,55,0.999626
52,55,0.999641
53,55,0.999656
54,55,0.999671
55,55,0.999685
56,55,0.999699
57,55,0.999711
58,55,0.999723
59,55,0.999735
60,55,0.999746
61,55,0.999757
62,55,0.999767
63,55,0.650596
0,56,0.663773
1,56,0.999783
2,56,0.999774
3,56,0.999765
4,56,0.999755
5,56,0.999745
6,56,0.999734
7,56,0.999723
8,56,0.999711
9,56,0.999699
10,56,0.999686
11,56,0.999672
12,56,0.999659
13,56,0.999645
14,56,0.99963
15,56,0.999615
16,56,0.9996
17,56,0.999584
18,56,0.999569
19,56,0.999553
20,56,0.999537
21,56,0.999522
22,56,0.999507
23,56,0.999492
24,56,0.999479
25,56,0.999466
26,56,0.999455
27,56,0.999444
28,56,0.999436
29,56,0.999429
30,56,0.999424
31,56,0.999421
32,56,0.99942
33,56,0.999421
34,56,0.999424
35,56,0.999429
36,56,0.999435
37,56,0.999443
38,56,0.999453
39,56,0.999464
40,56,0.999477
41,56,0.999491
42,56,0.999506
43,56,0.999522
44,56,0.999537
45,56,0.999553
46,56,0.999568
47,56,0.999584
48,56,0.9996
49,56,0.999615
50,56,0.99963
51,56,0.999644
52,56,0.999659
53,56,0.999672
54,56,0.999686
55,56,0.999699
56,56,0.999711
57,56,0.999723
58,56,0.999734
59,56,0.999745
60,56,0.999755
61,56,0.999765
62,56,0.999775
63,56,0.663878
0,57,0.676543
1,57,0.99979
2,57,0.999781
3,57,0.999772
4,57,0.999763
5,57,0.999754
6,57,0.999744
7,57,0.999733
8,57,0.999723
9,57,0.999711
10,57,0.9997
11,57,0.999687
12,57,0.999675
13,57,0.999662
14,57,0.999649
15,57,0.999635
16,57,0.999622
17,57,0.999608
18,57,0.999594
19,57,0.99958
20,57,0.999567
21,57,0.999553
22,57,0.99954
23,57,0.999528
24,57,0.999516
25,57,0.999505
26,57,0.999495
27,57,0.999486
28,57,0.999479
29,57,0.999473
30,57,0.999469
31,57,0.999466
32,57,0.999465
33,57,0.999466
34,57,0.999469
35,57,0.999472
36,57,0.999478
37,57,0.999484
38,57,0.999493
39,57,0.999503
40,57,0.999515
41,57,0.999527
42,57,0.99954
43,57,0.999553
44,57,0.999566
45,57,0.99958
46,57,0.999594
47,57,0.999608
48,57,0.999622
49,57,0.999635
50,57,0.999649
51,57,0.999662
52,57,0.999675
53,57,0.999687
54,57,0.9997
55,57,0.999711
56,57,0.999723
57,57,0.999733
58,57,0.999744
59,57,0.999754
60,57,0.999763
61,57,0.999773
62,57,0.999782
63,57,0.676645
0,58,0.688804
1,58,0.999796
2,58,0.999788
3,58,0.99978
4,58,0.999772
5,58,0.999763
6,58,0.999754
7,58,0.999744
8,58,0.999734
9,58,0.999724
10,58,0.999713
11,58,0.999702
12,58,0.99969
13,58,0.999679
14,58,0.999667
15,58,0.999655
16,58,0.999642
17,58,0.99963
18,58,0.999618
19,58,0.999606
20,58,0.999593
21,58,0.999581
22,58,0.99957
23,58,0.999559
24,58,0.999549
25,58,0.999539
26,58,0.999531
27,58,0.999523
28,58,0.999517
29,58,0.999512
30,58,0.999509
31,58,0.999507
32,58,0.999506
33,58,0.999506
34,58,0.999508
35,58,0.999511
36,58,0.999516
37,58,0.999522
38,58,0.99953
39,58,0.999539
40,58,0.999549
41,58,0.999559
42,58,0.99957
43,58,0.999582
44,58,0.999593
45,58,0.999606
46,58,0.999618
47,58,0.99963
48,58,0.999642
49,58,0.999655
50,58,0.999667
51,58,0.999679
52,58,0.99969
53,58,0.999702
54,58,0.999713
55,58,0.999723
56,58,0.999734
57,58,0.999744
58,58,0.999753
59,58,0.999763
60,58,0.999772
61,58,0.99978
62,58,0.999789
63,58,0.6889
0,59,0.70056
1,59,0.999803
2,59,0.999795
3,59,0.999788
4,59,0.999779
5,59,0.999771
6,59,0.999763
7,59,0.999754
8,59,0.999745
9,59,0.999735
10,59,0.999725
11,59,0.999715
12,59,0.999705
13,59,0.999694
14,59,0.999684
15,59,0.999673
16,59,0.999662
17,59,0.99965
18,59,0.99964
19,59,0.999629
20,59,0.999618
21,59,0.999608
22,59,0.999598
23,59,0.999588
24,59,0.999579
25,59,0.999571
26,59,0.999564
27,59,0.999557
28,59,0.999552
29,59,0.999547
30,59,0.999544
31,59,0.999542
32,59,0.999541
33,59,0.999541
34,59,0.999543
35,59,0.999546
36,59,0.99955
37,59,0.999556
38,59,0.999563
39,59,0.999571
40,59,0.999579
41,59,0.999588
42,59,0.999598
43,59,0.999608
44,59,0.999618
45,59,0.999629
46,59,0.99964
47,59,0.999651
48,59,0.999662
49,59,0.999673
50,59,0.999684
51,59,0.999694
52,59,0.999705
53,59,0.999715
54,59,0.999725
55,59,0.999735
56,59,0.999745
57,59,0.999754
58,59,0.999763
59,59,0.999772
60,59,0.99978
61,59,0.999788
62,59,0.999795
63,59,0.700651
0,60,0.711823
1,60,0.999809
2,60,0.999802
3,60,0.999795
4,60,0.999787
5,60,0.999779
6,60,0.999771
7,60,0.999763
8,60,0.999755
9,60,0.999746
10,60,0.999737
11,60,0.999728
12,60,0.999719
13,60,0.999709
14,60,0.999699
15,60,0.999689
16,60,0.99968
17,60,0.99967
18,60,0.99966
19,60,0.99965
20,60,0.999641
21,60,0.999631
22,60,0.999623
23,60,0.999614
24,60,0.999607
25,60,0.999599
26,60,0.999593
27,60,0.999587
28,60,0.999582
29,60,0.999578
30,60,0.999575
31,60,0.999573
32,60,0.999573
33,60,0.999573
34,60,0.999575
35,60,0.999578
36,60,0.999582
37,60,0.999587
38,60,0.999593
39,60,0.999599
40,60,0.999607
41,60,0.999614
42,60,0.999623
43,60,0.999632
44,60,0.999641
45,60,0.99965
46,60,0.99966
47,60,0.99967
48,60,0.99968
49,60,0.999689
50,60,0.999699
51,60,0.999709
52,60,0.999719
53,60,0.999728
54,60,0.999737
55,60,0.999746
56,60,0.999755
57,60,0.999763
58,60,0.999772
59,60,0.99978
60,60,0.999788
61,60,0.999795
62,60,0.999802
63,60,0.71191
0,61,0.722607
1,61,0.999815
2,61,0.999809
3,61,0.999802
4,61,0.999795
5,61,0.999788
6,61,0.99978
7,61,0.999772
8,61,0.999764
9,61,0.999756
10,61,0.999748
11,61,0.99974
12,61,0.999731
13,61,0.999722
14,61,0.999714
15,61,0.999705
16,61,0.999696
17,61,0.999687
18,61,0.999678
19,61,0.99967
20,61,0.999661
21,61,0.999653
22,61,0.999645
23,61,0.999638
24,61,0.999631
25,61,0.999625
26,61,0.999619
27,61,0.999614
28,61,0.999609
29,61,0.999606
30,61,0.999604
31,61,0.999602
32,61,0.999602
33,61,0.999603
34,61,0.999604
35,61,0.999607
36,61,0.99961
37,61,0.999614
38,61,0.999619
39,61,0.999625
40,61,0.999631
41,61,0.999638
42,61,0.999646
43,61,0.999653
44,61,0.999661
45,61,0.99967
46,61,0.999679
47,61,0.999687
48,61,0.999696
49,61,0.999705
50,61,0.999714
51,61,0.999723
52,61,0.999731
53,61,0.99974
54,61,0.999748
55,61,0.999757
56,61,0.999765
57,61,0.999773
58,61,0.99978
59,61,0.999788
60,61,0.999795
61,61,0.999802
62,61,0.999809
63,61,0.72269
0,62,0.732927
1,62,0.999821
2,62,0.999815
3,62,0.999809
4,62,0.999802
5,62,0.999795
6,62,0.999788
7,62,0.999781
8,62,0.999774
9,62,0.999766
10,62,0.999759
11,62,0.999751
12,62,0.999743
13,62,0.999735
14,62,0.999727
15,62,0.999719
16,62,0.999711
17,62,0.999703
18,62,0.999695
19,62,0.999688
20,62,0.99968
21,62,0.999673
22,62,0.999666
23,62,0.999659
24,62,0.999653
25,62,0.999647
26,62,0.999642
27,62,0.999638
28,62,0.999634
29,62,0.999632
30,62,0.99963
31,62,0.999629
32,62,0.999628
33,62,0.999629
34,62,0.999631
35,62,0.999633
36,62,0.999636
37,62,0.999639
38,62,0.999643
39,62,0.999648
40,62,0.999654
41,62,0.99966
42,62,0.999666
43,62,0.999673
44,62,0.999681
45,62,0.999688
46,62,0.999696
47,62,0.999704
48,62,0.999712
49,62,0.99972
50,62,0.999728
51,62,0.999736
52,62,0.999744
53,62,0.999751
54,62,0.999759
55,62,0.999767
56,62,0.999774
57,62,0.999781
58,62,0.999789
59,62,0.999795
60,62,0.999802
61,62,0.999809
62,62,0.999815
63,62,0.733007
0,63,0.449341
1,63,0.742877
2,63,0.733007
3,63,0.72269
4,63,0.71191
5,63,0.700652
6,63,0.688904
7,63,0.676654
8,63,0.663895
9,63,0.65062
10,63,0.636826
11,63,0.622516
12,63,0.607695
13,63,0.592379
14,63,0.576588
15,63,0.50232
16,63,0.491322
17,63,0.526754
18,63,0.509514
19,63,0.492095
20,63,0.474609
21,63,0.45719
22,63,0.439997
23,63,0.423217
24,63,0.407067
25,63,0.391793
26,63,0.377669
27,63,0.364988
28,63,0.354056
29,63,0.34517
30,63,0.338601
31,63,0.451066
32,63,0.496724
33,63,0.334564
34,63,0.338598
35,63,0.345163
36,63,0.354043
37,63,0.364968
38,63,0.377642
39,63,0.39176
40,63,0.407029
41,63,0.423176
42,63,0.439954
43,63,0.457147
44,63,0.474566
45,63,0.492051
46,63,0.50947
47,63,0.635189
48,63,0.679784
49,63,0.560317
50,63,0.576552
51,63,0.592347
52,63,0.607669
53,63,0.622495
54,63,0.636812
55,63,0.650611
56,63,0.66389
57,63,0.676652
58,63,0.688903
59,63,0.700652
60,63,0.71191
61,63,0.72269
62,63,0.733007
63,63,0.51828
