x,y,theta
0,0,-2.35525
1,0,-2.34283
2,0,-2.32644
3,0,-2.30957
4,0,-2.29217
5,0,-2.27419
6,0,-2.25563
7,0,-2.23649
8,0,-2.21679
9,0,-2.19645
10,0,-2.17547
11,0,-2.15386
12,0,-2.1316
13,0,-2.10869
14,0,-2.08515
15,0,-2.0588
16,0,-2.03495
17,0,-2.01073
18,0,-1.98459
19,0,-1.95791
20,0,-1.9306
21,0,-1.90273
22,0,-1.8743
23,0,-1.84529
24,0,-1.81589
25,0,-1.78605
26,0,-1.75584
27,0,-1.72528
28,0,-1.69441
29,0,-1.66329
30,0,-1.63207
31,0,-1.59945
32,0,-1.56846
33,0,-1.53755
34,0,-1.5061
35,0,-1.47487
36,0,-1.44383
37,0,-1.41302
38,0,-1.38248
39,0,-1.35223
40,0,-1.32238
41,0,-1.29299
42,0,-1.26408
43,0,-1.23569
44,0,-1.20782
45,0,-1.18058
46,0,-1.15398
47,0,-1.12793
48,0,-1.10259
49,0,-1.07779
50,0,-1.05343
51,0,-1.02972
52,0,-1.00691
53,0,-0.984964
54,0,-0.963599
55,0,-0.942731
56,0,-0.922415
57,0,-0.902693
58,0,-0.883575
59,0,-0.865041
60,0,-0.847031
61,0,-0.829568
62,0,-0.812674
63,0,-0.799182
0,1,-2.36725
1,1,-2.35501
2,1,-2.33853
3,1,-2.32164
4,1,-2.30414
5,1,-2.2861
6,1,-2.26746
7,1,-2.24823
8,1,-2.22839
9,1,-2.20793
10,1,-2.18679
11,1,-2.16501
12,1,-2.14253
13,1,-2.11939
14,1,-2.09558
15,1,-2.07106
16,1,-2.04588
17,1,-2.0201
18,1,-1.99361
19,1,-1.96646
20,1,-1.93874
21,1,-1.91036
22,1,-1.88132
23,1,-1.8518
24,1,-1.82177
25,1,-1.79128
26,1,-1.76035
27,1,-1.72906
28,1,-1.69746
29,1,-1.66561
30,1,-1.6336
31,1,-1.60149
32,1,-1.56921
33,1,-1.53693
34,1,-1.50475
35,1,-1.47271
36,1,-1.44089
37,1,-1.40932
38,1,-1.37808
39,1,-1.34722
40,1,-1.31678
41,1,-1.28682
42,1,-1.25736
43,1,-1.22843
44,1,-1.20003
45,1,-1.17227
46,1,-1.14521
47,1,-1.11885
48,1,-1.09315
49,1,-1.06803
50,1,-1.0434
51,1,-1.0194
52,1,-0.996293
53,1,-0.974092
54,1,-0.952481
55,1,-0.931412
56,1,-0.910924
57,1,-0.891078
58,1,-0.871859
59,1,-0.853252
60,1,-0.835186
61,1,-0.817669
62,1,-0.800761
63,1,-0.788216
0,2,-2.38358
1,2,-2.37137
2,2,-2.35489
3,2,-2.33792
4,2,-2.32041
5,2,-2.30231
6,2,-2.28358
7,2,-2.26428
8,2,-2.24428
9,2,-2.22361
10,2,-2.2023
11,2,-2.18027
12,2,-2.15751
13,2,-2.13405
14,2,-2.10988
15,2,-2.08499
16,2,-2.05934
17,2,-2.03303
18,2,-2.00604
19,2,-1.9783
20,2,-1.94988
21,2,-1.92081
22,2,-1.89109
23,2,-1.86075
24,2,-1.82988
25,2,-1.79848
26,2,-1.7666
27,2,-1.73428
28,2,-1.70166
29,2,-1.66876
30,2,-1.6357
31,2,-1.60244
32,2,-1.56912
33,2,-1.53576
34,2,-1.5025
35,2,-1.46939
36,2,-1.43649
37,2,-1.40389
38,2,-1.37168
39,2,-1.33988
40,2,-1.30854
41,2,-1.27772
42,2,-1.24747
43,2,-1.21776
44,2,-1.18865
45,2,-1.16021
46,2,-1.13254
47,2,-1.10564
48,2,-1.07948
49,2,-1.05391
50,2,-1.02889
51,2,-1.00455
52,2,-0.981108
53,2,-0.958606
54,2,-0.936753
55,2,-0.915462
56,2,-0.894819
57,2,-0.874838
58,2,-0.855524
59,2,-0.836839
60,2,-0.818727
61,2,-0.80118
62,2,-0.784284
63,2,-0.771786
0,3,-2.40046
1,3,-2.38829
2,3,-2.37182
3,3,-2.35487
4,3,-2.33736
5,3,-2.31924
6,3,-2.30041
7,3,-2.28095
8,3,-2.26087
9,3,-2.24006
10,3,-2.21854
11,3,-2.19624
12,3,-2.17325
13,3,-2.14949
14,3,-2.12496
15,3,-2.09964
16,3,-2.07355
17,3,-2.04674
18,3,-2.01921
19,3,-1.99078
20,3,-1.96169
21,3,-1.93186
22,3,-1.90136
23,3,-1.8702
24,3,-1.83841
25,3,-1.80605
26,3,-1.77318
27,3,-1.73985
28,3,-1.70612
29,3,-1.6721
30,3,-1.63786
31,3,-1.60343
32,3,-1.56893
33,3,-1.5344
34,3,-1.49997
35,3,-1.4657
36,3,-1.43168
37,3,-1.39799
38,3,-1.36472
39,3,-1.3319
40,3,-1.29961
41,3,-1.26787
42,3,-1.23675
43,3,-1.20626
44,3,-1.17643
45,3,-1.14734
46,3,-1.11907
47,3,-1.09162
48,3,-1.06496
49,3,-1.03894
50,3,-1.01352
51,3,-0.988816
52,3,-0.965109
53,3,-0.942354
54,3,-0.920285
55,3,-0.898812
56,3,-0.878026
57,3,-0.857937
58,3,-0.838551
59,3,-0.819808
60,3,-0.801655
61,3,-0.784112
62,3,-0.76724
63,3,-0.754789
0,4,-2.41799
1,4,-2.40585
2,4,-2.38942
3,4,-2.3725
4,4,-2.355
5,4,-2.33685
6,4,-2.31794
7,4,-2.29841
8,4,-2.27818
9,4,-2.25724
10,4,-2.23554
11,4,-2.21303
12,4,-2.18974
13,4,-2.16564
14,4,-2.14078
15,4,-2.11506
16,4,-2.08854
17,4,-2.06122
18,4,-2.03309
19,4,-2.00405
20,4,-1.9742
21,4,-1.94362
22,4,-1.91228
23,4,-1.88021
24,4,-1.84747
25,4,-1.81412
26,4,-1.78019
27,4,-1.74576
28,4,-1.71088
29,4,-1.67569
30,4,-1.64021
31,4,-1.60456
32,4,-1.5688
33,4,-1.53305
34,4,-1.49741
35,4,-1.46194
36,4,-1.42673
37,4,-1.39191
38,4,-1.35756
39,4,-1.32373
40,4,-1.29043
41,4,-1.25774
42,4,-1.22576
43,4,-1.19449
44,4,-1.16395
45,4,-1.13422
46,4,-1.10535
47,4,-1.07733
48,4,-1.05009
49,4,-1.0236
50,4,-0.997748
51,4,-0.972742
52,4,-0.948737
53,4,-0.925725
54,4,-0.903451
55,4,-0.881791
56,4,-0.860849
57,4,-0.840651
58,4,-0.821186
59,4,-0.80238
60,4,-0.784184
61,4,-0.766646
62,4,-0.749795
63,4,-0.737355
0,5,-2.43609
1,5,-2.424
2,5,-2.40762
3,5,-2.39073
4,5,-2.37324
5,5,-2.35504
6,5,-2.33617
7,5,-2.31659
8,5,-2.29624
9,5,-2.27516
10,5,-2.25327
11,5,-2.23058
12,5,-2.20706
13,5,-2.18268
14,5,-2.15742
15,5,-2.1313
16,5,-2.10432
17,5,-2.07649
18,5,-2.04772
19,5,-2.01804
20,5,-1.98743
21,5,-1.95607
22,5,-1.92389
23,5,-1.89086
24,5,-1.85711
25,5,-1.82272
26,5,-1.78768
27,5,-1.75205
28,5,-1.71598
29,5,-1.6795
30,5,-1.64273
31,5,-1.60576
32,5,-1.56869
33,5,-1.53161
34,5,-1.4947
35,5,-1.45796
36,5,-1.42153
37,5,-1.38553
38,5,-1.35005
39,5,-1.31509
40,5,-1.28073
41,5,-1.24705
42,5,-1.21419
43,5,-1.18208
44,5,-1.15081
45,5,-1.1204
46,5,-1.09088
47,5,-1.06224
48,5,-1.03447
49,5,-1.00749
50,5,-0.981251
51,5,-0.9559
52,5,-0.931611
53,5,-0.90835
54,5,-0.885875
55,5,-0.864069
56,5,-0.842998
57,5,-0.822688
58,5,-0.803147
59,5,-0.784299
60,5,-0.766091
61,5,-0.748573
62,5,-0.731764
63,5,-0.719347
0,6,-2.45463
1,6,-2.44264
2,6,-2.42635
3,6,-2.40949
4,6,-2.39205
5,6,-2.37385
6,6,-2.35496
7,6,-2.33535
8,6,-2.31498
9,6,-2.29377
10,6,-2.27172
11,6,-2.24884
12,6,-2.22509
13,6,-2.20043
14,6,-2.17491
15,6,-2.14835
16,6,-2.12095
17,6,-2.09258
18,6,-2.06324
19,6,-2.0329
20,6,-2.00161
21,6,-1.96936
22,6,-1.93626
23,6,-1.90227
24,6,-1.86749
25,6,-1.83192
26,6,-1.79568
27,6,-1.75881
28,6,-1.72144
29,6,-1.6836
30,6,-1.64547
31,6,-1.60709
32,6,-1.5686
33,6,-1.53013
34,6,-1.49183
35,6,-1.45373
36,6,-1.41597
37,6,-1.3787
38,6,-1.34195
39,6,-1.30579
40,6,-1.27026
41,6,-1.23551
42,6,-1.20168
43,6,-1.16873
44,6,-1.13667
45,6,-1.10554
46,6,-1.07533
47,6,-1.04607
48,6,-1.01778
49,6,-0.990325
50,6,-0.963719
51,6,-0.938052
52,6,-0.913485
53,6,-0.889995
54,6,-0.867348
55,6,-0.845426
56,6,-0.824261
57,6,-0.803877
58,6,-0.784279
59,6,-0.765412
60,6,-0.747237
61,6,-0.729783
62,6,-0.713055
63,6,-0.700688
0,7,-2.47371
1,7,-2.46185
2,7,-2.44566
3,7,-2.42887
4,7,-2.4115
5,7,-2.39337
6,7,-2.37453
7,7,-2.35488
8,7,-2.33441
9,7,-2.31316
10,7,-2.29105
11,7,-2.26803
12,7,-2.24408
13,7,-2.21917
14,7,-2.19328
15,7,-2.16634
16,7,-2.13847
17,7,-2.10963
18,7,-2.07974
19,7,-2.04873
20,7,-2.01665
21,7,-1.98358
22,7,-1.94953
23,7,-1.9145
24,7,-1.87859
25,7,-1.84184
26,7,-1.80431
27,7,-1.7661
28,7,-1.72732
29,7,-1.68804
30,7,-1.6484
31,7,-1.60852
32,7,-1.5685
33,7,-1.52849
34,7,-1.48865
35,7,-1.44909
36,7,-1.40987
37,7,-1.37122
38,7,-1.33314
39,7,-1.29566
40,7,-1.25892
41,7,-1.22305
42,7,-1.18822
43,7,-1.15439
44,7,-1.12154
45,7,-1.08963
46,7,-1.05875
47,7,-1.02891
48,7,-1.00009
49,7,-0.972189
50,7,-0.94521
51,7,-0.919216
52,7,-0.894413
53,7,-0.870726
54,7,-0.847931
55,7,-0.825915
56,7,-0.80468
57,7,-0.784259
58,7,-0.764638
59,7,-0.745775
60,7,-0.727645
61,7,-0.710276
62,7,-0.693656
63,7,-0.681379
0,8,-2.49339
1,8,-2.48166
2,8,-2.46562
3,8,-2.44894
4,8,-2.43168
5,8,-2.41364
6,8,-2.39484
7,8,-2.37521
8,8,-2.35474
9,8,-2.33344
10,8,-2.31123
11,8,-2.28811
12,8,-2.26402
13,8,-2.23888
14,8,-2.21272
15,8,-2.18544
16,8,-2.15712
17,8,-2.12774
18,8,-2.09727
19,8,-2.06555
20,8,-2.03272
21,8,-1.99882
22,8,-1.96376
23,8,-1.92766
24,8,-1.89057
25,8,-1.85253
26,8,-1.81367
27,8,-1.77403
28,8,-1.73373
29,8,-1.69288
30,8,-1.65163
31,8,-1.61011
32,8,-1.56841
33,8,-1.52675
34,8,-1.48527
35,8,-1.44407
36,8,-1.40335
37,8,-1.36316
38,8,-1.32361
39,8,-1.28471
40,8,-1.2467
41,8,-1.20968
42,8,-1.1738
43,8,-1.13905
44,8,-1.10535
45,8,-1.07266
46,8,-1.04113
47,8,-1.01072
48,8,-0.981364
49,8,-0.953053
50,8,-0.925695
51,8,-0.899434
52,8,-0.874413
53,8,-0.850545
54,8,-0.827633
55,8,-0.805535
56,8,-0.784263
57,8,-0.763841
58,8,-0.744252
59,8,-0.72543
60,8,-0.707358
61,8,-0.690075
62,8,-0.673587
63,8,-0.661424
0,9,-2.5137
1,9,-2.50212
2,9,-2.48623
3,9,-2.46969
4,9,-2.45256
5,9,-2.43465
6,9,-2.41596
7,9,-2.39643
8,9,-2.37597
9,9,-2.35468
10,9,-2.33244
11,9,-2.30923
12,9,-2.28498
13,9,-2.25965
14,9,-2.23325
15,9,-2.20562
16,9,-2.17689
17,9,-2.14699
18,9,-2.11588
19,9,-2.08347
20,9,-2.04988
21,9,-2.01509
22,9,-1.979
23,9,-1.9418
24,9,-1.90346
25,9,-1.86409
26,9,-1.82378
27,9,-1.78262
28,9,-1.7407
29,9,-1.69818
30,9,-1.65518
31,9,-1.61187
32,9,-1.56839
33,9,-1.52492
34,9,-1.48166
35,9,-1.43877
36,9,-1.3963
37,9,-1.35444
38,9,-1.31323
39,9,-1.27288
40,9,-1.23357
41,9,-1.19536
42,9,-1.15839
43,9,-1.12263
44,9,-1.08805
45,9,-1.05461
46,9,-1.02243
47,9,-0.991397
48,9,-0.961567
49,9,-0.932814
50,9,-0.905134
51,9,-0.878626
52,9,-0.853404
53,9,-0.829396
54,9,-0.806391
55,9,-0.784251
56,9,-0.76299
57,9,-0.742606
58,9,-0.723089
59,9,-0.704349
60,9,-0.686364
61,9,-0.669199
62,9,-0.652862
63,9,-0.640852
0,10,-2.53462
1,10,-2.52319
2,10,-2.50751
3,10,-2.49117
4,10,-2.47417
5,10,-2.45641
6,10,-2.43786
7,10,-2.41846
8,10,-2.39814
9,10,-2.37687
10,10,-2.35462
11,10,-2.33135
12,10,-2.30697
13,10,-2.28151
14,10,-2.25488
15,10,-2.22696
16,10,-2.19783
17,10,-2.16743
18,10,-2.13571
19,10,-2.10264
20,10,-2.06823
21,10,-2.03253
22,10,-1.99542
23,10,-1.95704
24,10,-1.91742
25,10,-1.87666
26,10,-1.83482
27,10,-1.79199
28,10,-1.74831
29,10,-1.70394
30,10,-1.65903
31,10,-1.61376
32,10,-1.56831
33,10,-1.52291
34,10,-1.47778
35,10,-1.43292
36,10,-1.38856
37,10,-1.34485
38,10,-1.30193
39,10,-1.26007
40,10,-1.2194
41,10,-1.17999
42,10,-1.14187
43,10,-1.10506
44,10,-1.06958
45,10,-1.03538
46,10,-1.00251
47,10,-0.970889
48,10,-0.940549
49,10,-0.911401
50,10,-0.883421
51,10,-0.856687
52,10,-0.83132
53,10,-0.807204
54,10,-0.784138
55,10,-0.762002
56,10,-0.740789
57,10,-0.720511
58,10,-0.7011
59,10,-0.682492
60,10,-0.66465
61,10,-0.647651
62,10,-0.631495
63,10,-0.619622
0,11,-2.55614
1,11,-2.54492
2,11,-2.52949
3,11,-2.51343
4,11,-2.4966
5,11,-2.47903
6,11,-2.46066
7,11,-2.44139
8,11,-2.4212
9,11,-2.40002
10,11,-2.37784
11,11,-2.35451
12,11,-2.33005
13,11,-2.30447
14,11,-2.27766
15,11,-2.2495
16,11,-2.22003
17,11,-2.18917
18,11,-2.15689
19,11,-2.12316
20,11,-2.0879
21,11,-2.05125
22,11,-2.01318
23,11,-1.97355
24,11,-1.93261
25,11,-1.89033
26,11,-1.84685
27,11,-1.80224
28,11,-1.75662
29,11,-1.71022
30,11,-1.66323
31,11,-1.61585
32,11,-1.56829
33,11,-1.52076
34,11,-1.47345
35,11,-1.42647
36,11,-1.38006
37,11,-1.33437
38,11,-1.28967
39,11,-1.24622
40,11,-1.20411
41,11,-1.1634
42,11,-1.1241
43,11,-1.08624
44,11,-1.04984
45,11,-1.01482
46,11,-0.981231
47,11,-0.949077
48,11,-0.918269
49,11,-0.888746
50,11,-0.86048
51,11,-0.833563
52,11,-0.808066
53,11,-0.78389
54,11,-0.760819
55,11,-0.738744
56,11,-0.71764
57,11,-0.697501
58,11,-0.67824
59,11,-0.659825
60,11,-0.642186
61,11,-0.625408
62,11,-0.609465
63,11,-0.597717
0,12,-2.57838
1,12,-2.56739
2,12,-2.55225
3,12,-2.53645
4,12,-2.51988
5,12,-2.50253
6,12,-2.48433
7,12,-2.46522
8,12,-2.44518
9,12,-2.42416
10,12,-2.40208
11,12,-2.37882
12,12,-2.35438
13,12,-2.32869
14,12,-2.30172
15,12,-2.27337
16,12,-2.2436
17,12,-2.21232
18,12,-2.1795
19,12,-2.14513
20,12,-2.10911
21,12,-2.07155
22,12,-2.03237
23,12,-1.99147
24,12,-1.94906
25,12,-1.90514
26,12,-1.85988
27,12,-1.81335
28,12,-1.76568
29,12,-1.71716
30,12,-1.66788
31,12,-1.61818
32,12,-1.56824
33,12,-1.51831
34,12,-1.4686
35,12,-1.41932
36,12,-1.37067
37,12,-1.32294
38,12,-1.27637
39,12,-1.23125
40,12,-1.18757
41,12,-1.14546
42,12,-1.10492
43,12,-1.06597
44,12,-1.0286
45,12,-0.992779
46,12,-0.958549
47,12,-0.925852
48,12,-0.89462
49,12,-0.864766
50,12,-0.836277
51,12,-0.809206
52,12,-0.783632
53,12,-0.759435
54,12,-0.736407
55,12,-0.714458
56,12,-0.693511
57,12,-0.673554
58,12,-0.654502
59,12,-0.636299
60,12,-0.618925
61,12,-0.602448
62,12,-0.586793
63,12,-0.575244
0,13,-2.6013
1,13,-2.59049
2,13,-2.57568
3,13,-2.56019
4,13,-2.5439
5,13,-2.52688
6,13,-2.5089
7,13,-2.49004
8,13,-2.4702
9,13,-2.44938
10,13,-2.42745
11,13,-2.40435
12,13,-2.38
13,13,-2.35428
14,13,-2.32719
15,13,-2.29866
16,13,-2.26864
17,13,-2.237
18,13,-2.20374
19,13,-2.16871
20,13,-2.13198
21,13,-2.0935
22,13,-2.05314
23,13,-2.01095
24,13,-1.96694
25,13,-1.92133
26,13,-1.87416
27,13,-1.82559
28,13,-1.77575
29,13,-1.72479
30,13,-1.67306
31,13,-1.62074
32,13,-1.56814
33,13,-1.51554
34,13,-1.4632
35,13,-1.41137
36,13,-1.36034
37,13,-1.31042
38,13,-1.2619
39,13,-1.21494
40,13,-1.1696
41,13,-1.126
42,13,-1.08415
43,13,-1.04403
44,13,-1.00571
45,13,-0.969123
46,13,-0.93426
47,13,-0.901077
48,13,-0.869481
49,13,-0.839376
50,13,-0.810725
51,13,-0.783572
52,13,-0.757979
53,13,-0.733841
54,13,-0.710922
55,13,-0.689117
56,13,-0.66838
57,13,-0.648638
58,13,-0.629825
59,13,-0.6119
60,13,-0.59484
61,13,-0.578709
62,13,-0.563429
63,13,-0.552166
0,14,-2.62481
1,14,-2.61423
2,14,-2.59978
3,14,-2.58466
4,14,-2.56874
5,14,-2.55207
6,14,-2.53443
7,14,-2.51587
8,14,-2.49632
9,14,-2.47572
10,14,-2.45402
11,14,-2.43113
12,14,-2.40686
13,14,-2.3812
14,14,-2.35411
15,14,-2.32548
16,14,-2.29525
17,14,-2.26335
18,14,-2.22968
19,14,-2.1941
20,14,-2.15661
21,14,-2.11716
22,14,-2.07566
23,14,-2.0321
24,14,-1.98652
25,14,-1.93916
26,14,-1.88996
27,14,-1.83913
28,14,-1.78679
29,14,-1.73324
30,14,-1.67873
31,14,-1.62353
32,14,-1.56796
33,14,-1.51236
34,14,-1.45713
35,14,-1.40254
36,14,-1.34899
37,14,-1.29672
38,14,-1.24607
39,14,-1.19711
40,14,-1.15
41,14,-1.10481
42,14,-1.06155
43,14,-1.02025
44,14,-0.981003
45,14,-0.943695
46,14,-0.908263
47,14,-0.874643
48,14,-0.842737
49,14,-0.812445
50,14,-0.7837
51,14,-0.756545
52,14,-0.731037
53,14,-0.707033
54,14,-0.684295
55,14,-0.662715
56,14,-0.642208
57,14,-0.622728
58,14,-0.604216
59,14,-0.586612
60,14,-0.569904
61,14,-0.554148
62,14,-0.53926
63,14,-0.528289
0,15,-2.6495
1,15,-2.63872
2,15,-2.6246
3,15,-2.60986
4,15,-2.59441
5,15,-2.57816
6,15,-2.5609
7,15,-2.54275
8,15,-2.52353
9,15,-2.50322
10,15,-2.48179
11,15,-2.45913
12,15,-2.43514
13,15,-2.40966
14,15,-2.38258
15,15,-2.35413
16,15,-2.32251
17,15,-2.29145
18,15,-2.25749
19,15,-2.22135
20,15,-2.18314
21,15,-2.14277
22,15,-2.10013
23,15,-2.05527
24,15,-2.00819
25,15,-1.95882
26,15,-1.90741
27,15,-1.85407
28,15,-1.79906
29,15,-1.74262
30,15,-1.68505
31,15,-1.62539
32,15,-1.56633
33,15,-1.50879
34,15,-1.4504
35,15,-1.39278
36,15,-1.33647
37,15,-1.28165
38,15,-1.22861
39,15,-1.17749
40,15,-1.12848
41,15,-1.08161
42,15,-1.03693
43,15,-0.994477
44,15,-0.954325
45,15,-0.916345
46,15,-0.880413
47,15,-0.845556
48,15,-0.813018
49,15,-0.783863
50,15,-0.755114
51,15,-0.728045
52,15,-0.702706
53,15,-0.678915
54,15,-0.656441
55,15,-0.635157
56,15,-0.614969
57,15,-0.595842
58,15,-0.577676
59,15,-0.560446
60,15,-0.544118
61,15,-0.52878
62,15,-0.514322
63,15,-0.502055
0,16,-2.67556
1,16,-2.6639
2,16,-2.65016
3,16,-2.6358
4,16,-2.62086
5,16,-2.6051
6,16,-2.58835
7,16,-2.57063
8,16,-2.55184
9,16,-2.53194
10,16,-2.51086
11,16,-2.48854
12,16,-2.46483
13,16,-2.43965
14,16,-2.41277
15,16,-2.38336
16,16,-2.35281
17,16,-2.32148
18,16,-2.28723
19,16,-2.25067
20,16,-2.21186
21,16,-2.17066
22,16,-2.12696
23,16,-2.08072
24,16,-2.03192
25,16,-1.98051
26,16,-1.92674
27,16,-1.87073
28,16,-1.81277
29,16,-1.75314
30,16,-1.69214
31,16,-1.6288
32,16,-1.56657
33,16,-1.50484
34,16,-1.44292
35,16,-1.38201
36,16,-1.32257
37,16,-1.26488
38,16,-1.20924
39,16,-1.15581
40,16,-1.10475
41,16,-1.05616
42,16,-1.01008
43,16,-0.966502
44,16,-0.92549
45,16,-0.886903
46,16,-0.850552
47,16,-0.815374
48,16,-0.782692
49,16,-0.753564
50,16,-0.724896
51,16,-0.698005
52,16,-0.672915
53,16,-0.649426
54,16,-0.627296
55,16,-0.606396
56,16,-0.586623
57,16,-0.567928
58,16,-0.550201
59,16,-0.533428
60,16,-0.517556
61,16,-0.502687
62,16,-0.488668
63,16,-0.476833
0,17,-2.69927
1,17,-2.68967
2,17,-2.67646
3,17,-2.66255
4,17,-2.64805
5,17,-2.63282
6,17,-2.6167
7,17,-2.59955
8,17,-2.58129
9,17,-2.5619
10,17,-2.54129
11,17,-2.51939
12,17,-2.49611
13,17,-2.47123
14,17,-2.44472
15,17,-2.41636
16,17,-2.38605
17,17,-2.35369
18,17,-2.31921
19,17,-2.28234
20,17,-2.243
21,17,-2.20106
22,17,-2.15627
23,17,-2.10863
24,17,-2.05809
25,17,-2.00459
26,17,-1.9483
27,17,-1.88941
28,17,-1.82819
29,17,-1.76497
30,17,-1.70003
31,17,-1.63382
32,17,-1.56709
33,17,-1.50049
34,17,-1.43457
35,17,-1.36991
36,17,-1.30694
37,17,-1.24609
38,17,-1.18757
39,17,-1.13165
40,17,-1.07851
41,17,-1.02817
42,17,-0.980666
43,17,-0.936075
44,17,-0.894288
45,17,-0.855171
46,17,-0.818493
47,17,-0.784069
48,17,-0.751759
49,17,-0.721414
50,17,-0.692946
51,17,-0.666346
52,17,-0.641598
53,17,-0.618513
54,17,-0.596832
55,17,-0.576409
56,17,-0.557133
57,17,-0.538958
58,17,-0.521749
59,17,-0.505497
60,17,-0.490145
61,17,-0.475811
62,17,-0.462305
63,17,-0.45246
0,18,-2.72523
1,18,-2.7161
2,18,-2.70347
3,18,-2.6901
4,18,-2.67608
5,18,-2.66135
6,18,-2.64587
7,18,-2.62941
8,18,-2.61186
9,18,-2.5931
10,18,-2.57309
11,18,-2.5517
12,18,-2.52887
13,18,-2.50446
14,18,-2.47837
15,18,-2.45041
16,18,-2.42042
17,18,-2.38823
18,18,-2.35364
19,18,-2.31652
20,18,-2.27673
21,18,-2.2341
22,18,-2.18839
23,18,-2.13939
24,18,-2.08709
25,18,-2.03142
26,18,-1.97246
27,18,-1.91043
28,18,-1.84558
29,18,-1.77825
30,18,-1.70885
31,18,-1.63808
32,18,-1.5667
33,18,-1.49542
34,18,-1.42502
35,18,-1.35611
36,18,-1.28921
37,18,-1.22483
38,18,-1.16323
39,18,-1.10468
40,18,-1.04934
41,18,-0.997259
42,18,-0.948453
43,18,-0.902888
44,18,-0.860423
45,18,-0.820889
46,18,-0.784027
47,18,-0.749578
48,18,-0.717388
49,18,-0.687292
50,18,-0.659174
51,18,-0.632997
52,18,-0.608725
53,18,-0.586161
54,18,-0.565049
55,18,-0.5452
56,18,-0.526504
57,18,-0.508897
58,18,-0.492265
59,18,-0.476605
60,18,-0.461858
61,18,-0.448129
62,18,-0.435205
63,18,-0.425807
0,19,-2.75181
1,19,-2.74313
2,19,-2.73117
3,19,-2.71844
4,19,-2.70503
5,19,-2.69083
6,19,-2.67595
7,19,-2.66022
8,19,-2.64346
9,19,-2.6255
10,19,-2.60617
11,19,-2.58543
12,19,-2.56319
13,19,-2.53937
14,19,-2.51388
15,19,-2.48647
16,19,-2.457
17,19,-2.42513
18,19,-2.39067
19,19,-2.35342
20,19,-2.31331
21,19,-2.27011
22,19,-2.22352
23,19,-2.17332
24,19,-2.1193
25,19,-2.06137
26,19,-1.99969
27,19,-1.93417
28,19,-1.86524
29,19,-1.79325
30,19,-1.71887
31,19,-1.64286
32,19,-1.56607
33,19,-1.48947
34,19,-1.41394
35,19,-1.34018
36,19,-1.26888
37,19,-1.20059
38,19,-1.13571
39,19,-1.07443
40,19,-1.01686
41,19,-0.96304
42,19,-0.913006
43,19,-0.866568
44,19,-0.823575
45,19,-0.783799
46,19,-0.746932
47,19,-0.712645
48,19,-0.680765
49,19,-0.651114
50,19,-0.623518
51,19,-0.597916
52,19,-0.57428
53,19,-0.55237
54,19,-0.531928
55,19,-0.512753
56,19,-0.494735
57,19,-0.477779
58,19,-0.46181
59,19,-0.446803
60,19,-0.432716
61,19,-0.419656
62,19,-0.407377
63,19,-0.398489
0,20,-2.77902
1,20,-2.77076
2,20,-2.75952
3,20,-2.74752
4,20,-2.73482
5,20,-2.72132
6,20,-2.70706
7,20,-2.692
8,20,-2.67605
9,20,-2.65893
10,20,-2.64049
11,20,-2.62059
12,20,-2.59915
13,20,-2.57611
14,20,-2.5513
15,20,-2.5246
16,20,-2.49571
17,20,-2.46441
18,20,-2.4303
19,20,-2.39324
20,20,-2.35307
21,20,-2.30952
22,20,-2.26224
23,20,-2.2109
24,20,-2.15528
25,20,-2.09503
26,20,-2.03033
27,20,-1.96109
28,20,-1.88765
29,20,-1.81044
30,20,-1.73033
31,20,-1.64828
32,20,-1.56522
33,20,-1.4824
34,20,-1.40085
35,20,-1.32156
36,20,-1.24531
37,20,-1.17279
38,20,-1.10438
39,20,-1.04023
40,20,-0.980391
41,20,-0.92499
42,20,-0.873886
43,20,-0.826808
44,20,-0.783499
45,20,-0.743716
46,20,-0.707072
47,20,-0.673172
48,20,-0.64184
49,20,-0.612814
50,20,-0.585922
51,20,-0.561087
52,20,-0.538247
53,20,-0.517132
54,20,-0.497472
55,20,-0.479091
56,20,-0.461843
57,20,-0.445643
58,20,-0.430418
59,20,-0.416151
60,20,-0.402797
61,20,-0.390468
62,20,-0.37888
63,20,-0.370531
0,21,-2.8068
1,21,-2.79905
2,21,-2.78848
3,21,-2.77729
4,21,-2.7654
5,21,-2.7527
6,21,-2.73919
7,21,-2.72484
8,21,-2.70966
9,21,-2.6935
10,21,-2.67607
11,21,-2.6572
12,21,-2.63671
13,21,-2.61459
14,21,-2.59068
15,21,-2.56479
16,21,-2.53674
17,21,-2.50619
18,21,-2.47276
19,21,-2.43626
20,21,-2.39634
21,21,-2.35271
22,21,-2.30495
23,21,-2.25269
24,21,-2.19547
25,21,-2.13299
26,21,-2.0651
27,21,-1.9918
28,21,-1.91332
29,21,-1.83016
30,21,-1.74343
31,21,-1.65421
32,21,-1.56381
33,21,-1.47364
34,21,-1.3851
35,21,-1.29944
36,21,-1.2177
37,21,-1.14054
38,21,-1.06838
39,21,-1.00137
40,21,-0.939423
41,21,-0.882617
42,21,-0.830707
43,21,-0.783276
44,21,-0.739973
45,21,-0.700452
46,21,-0.664293
47,21,-0.631048
48,21,-0.600478
49,21,-0.572315
50,21,-0.546353
51,21,-0.522482
52,21,-0.500584
53,21,-0.480401
54,21,-0.461673
55,21,-0.444202
56,21,-0.427851
57,21,-0.412511
58,21,-0.398124
59,21,-0.38468
60,21,-0.372129
61,21,-0.360589
62,21,-0.349757
63,21,-0.341963
0,22,-2.83506
1,22,-2.82789
2,22,-2.81817
3,22,-2.80766
4,22,-2.79663
5,22,-2.78487
6,22,-2.77226
7,22,-2.75883
8,22,-2.74448
9,22,-2.7292
10,22,-2.71282
11,22,-2.69511
12,22,-2.67587
13,22,-2.65488
14,22,-2.63204
15,22,-2.60727
16,22,-2.58024
17,22,-2.55073
18,22,-2.51833
19,22,-2.4827
20,22,-2.44341
21,22,-2.40005
22,22,-2.35214
23,22,-2.29914
24,22,-2.24056
25,22,-2.17589
26,22,-2.10472
27,22,-2.02693
28,22,-1.94271
29,22,-1.85275
30,22,-1.75815
31,22,-1.6604
32,22,-1.56117
33,22,-1.46227
34,22,-1.36557
35,22,-1.27271
36,22,-1.18485
37,22,-1.10278
38,22,-1.02681
39,22,-0.956977
40,22,-0.893239
41,22,-0.835391
42,22,-0.78304
43,22,-0.735652
44,22,-0.692709
45,22,-0.653796
46,22,-0.618452
47,22,-0.58618
48,22,-0.556654
49,22,-0.529596
50,22,-0.504787
51,22,-0.482054
52,22,-0.461281
53,22,-0.442202
54,22,-0.424545
55,22,-0.408116
56,22,-0.39278
57,22,-0.378419
58,22,-0.364959
59,22,-0.352416
60,22,-0.340729
61,22,-0.330042
62,22,-0.319995
63,22,-0.312791
0,23,-2.86383
1,23,-2.85728
2,23,-2.84837
3,23,-2.83873
4,23,-2.82858
5,23,-2.81776
6,23,-2.80622
7,23,-2.7938
8,23,-2.78049
9,23,-2.76615
10,23,-2.75084
11,23,-2.73437
12,23,-2.71652
13,23,-2.69692
14,23,-2.67547
15,23,-2.65205
16,23,-2.6264
17,23,-2.59824
18,23,-2.56716
19,23,-2.5327
20,23,-2.49447
21,23,-2.45185
22,23,-2.4042
23,23,-2.3509
24,23,-2.29118
25,23,-2.22438
26,23,-2.14983
27,23,-2.06719
28,23,-1.97645
29,23,-1.87836
30,23,-1.77422
31,23,-1.66599
32,23,-1.55601
33,23,-1.44675
34,23,-1.34066
35,23,-1.2397
36,23,-1.14525
37,23,-1.05807
38,23,-0.978342
39,23,-0.906102
40,23,-0.841036
41,23,-0.782671
42,23,-0.73038
43,23,-0.683507
44,23,-0.641393
45,23,-0.603545
46,23,-0.569424
47,23,-0.53848
48,23,-0.510319
49,23,-0.484639
50,23,-0.461204
51,23,-0.439826
52,23,-0.420366
53,23,-0.402556
54,23,-0.38612
55,23,-0.370869
56,23,-0.35667
57,23,-0.343385
58,23,-0.330943
59,23,-0.319375
60,23,-0.308616
61,23,-0.298832
62,23,-0.289622
63,23,-0.283025
0,24,-2.89318
1,24,-2.88722
2,24,-2.87917
3,24,-2.87041
4,24,-2.86115
5,24,-2.85133
6,24,-2.84085
7,24,-2.82963
8,24,-2.81754
9,24,-2.80442
10,24,-2.79024
11,24,-2.77506
12,24,-2.75867
13,24,-2.7407
14,24,-2.72092
15,24,-2.69917
16,24,-2.67516
17,24,-2.64868
18,24,-2.61918
19,24,-2.58637
20,24,-2.54963
21,24,-2.50833
22,24,-2.46157
23,24,-2.40848
24,24,-2.34808
25,24,-2.27933
26,24,-2.20134
27,24,-2.11333
28,24,-2.01498
29,24,-1.90695
30,24,-1.7909
31,24,-1.66952
32,24,-1.54628
33,24,-1.42464
34,24,-1.30775
35,24,-1.19794
36,24,-1.09664
37,24,-1.00448
38,24,-0.921521
39,24,-0.847505
40,24,-0.781848
41,24,-0.723685
42,24,-0.672128
43,24,-0.626402
44,24,-0.585758
45,24,-0.549517
46,24,-0.517099
47,24,-0.48789
48,24,-0.461464
49,24,-0.437476
50,24,-0.415665
51,24,-0.395858
52,24,-0.377894
53,24,-0.361514
54,24,-0.346459
55,24,-0.33252
56,24,-0.319562
57,24,-0.307443
58,24,-0.296107
59,24,-0.285592
60,24,-0.275835
61,24,-0.267027
62,24,-0.258723
63,24,-0.252805
0,25,-2.92304
1,25,-2.9177
2,25,-2.91048
3,25,-2.90262
4,25,-2.89436
5,25,-2.88557
6,25,-2.87625
7,25,-2.86634
8,25,-2.85559
9,25,-2.84385
10,25,-2.83109
11,25,-2.81724
12,25,-2.80231
13,25,-2.78608
14,25,-2.7682
15,25,-2.74839
16,25,-2.72639
17,25,-2.70187
18,25,-2.67451
19,25,-2.64376
20,25,-2.60905
21,25,-2.56964
22,25,-2.52443
23,25,-2.47229
24,25,-2.41185
25,25,-2.34168
26,25,-2.26028
27,25,-2.16617
28,25,-2.05847
29,25,-1.93782
30,25,-1.80635
31,25,-1.66809
32,25,-1.52824
33,25,-1.39182
34,25,-1.2628
35,25,-1.14371
36,25,-1.03588
37,25,-0.939558
38,25,-0.854453
39,25,-0.77984
40,25,-0.714672
41,25,-0.657704
42,25,-0.607804
43,25,-0.564044
44,25,-0.525564
45,25,-0.491579
46,25,-0.461397
47,25,-0.434377
48,25,-0.410064
49,25,-0.388102
50,25,-0.368223
51,25,-0.350232
52,25,-0.333957
53,25,-0.319169
54,25,-0.305625
55,25,-0.293125
56,25,-0.281516
57,25,-0.270663
58,25,-0.260514
59,25,-0.251119
60,25,-0.242434
61,25,-0.234657
62,25,-0.227327
63,25,-0.222149
0,26,-2.95321
1,26,-2.94852
2,26,-2.94226
3,26,-2.93536
4,26,-2.92817
5,26,-2.92055
6,26,-2.91245
7,26,-2.90381
8,26,-2.8945
9,26,-2.8843
10,26,-2.87308
11,26,-2.86086
12,26,-2.84749
13,26,-2.83297
14,26,-2.81711
15,26,-2.79957
16,26,-2.77993
17,26,-2.7579
18,26,-2.73301
19,26,-2.70482
20,26,-2.67272
21,26,-2.63581
22,26,-2.59301
23,26,-2.54273
24,26,-2.4833
25,26,-2.41248
26,26,-2.32771
27,26,-2.22643
28,26,-2.10692
29,26,-1.96946
30,26,-1.81714
31,26,-1.65629
32,26,-1.49521
33,26,-1.34131
34,26,-1.19941
35,26,-1.07176
36,26,-0.958909
37,26,-0.860374
38,26,-0.775072
39,26,-0.701633
40,26,-0.638504
41,26,-0.584114
42,26,-0.537072
43,26,-0.496268
44,26,-0.460792
45,26,-0.429747
46,26,-0.402377
47,26,-0.378009
48,26,-0.356207
49,26,-0.336606
50,26,-0.31895
51,26,-0.303013
52,26,-0.288637
53,26,-0.275618
54,26,-0.263719
55,26,-0.25277
56,26,-0.242604
57,26,-0.233106
58,26,-0.224223
59,26,-0.216018
60,26,-0.208458
61,26,-0.201748
62,26,-0.19538
63,26,-0.190944
0,27,-2.98372
1,27,-2.97972
2,27,-2.97445
3,27,-2.9686
4,27,-2.96259
5,27,-2.95612
6,27,-2.94929
7,27,-2.94196
8,27,-2.93406
9,27,-2.92545
10,27,-2.91598
11,27,-2.90556
12,27,-2.89408
13,27,-2.88148
14,27,-2.86775
15,27,-2.85259
16,27,-2.83564
17,27,-2.81646
18,27,-2.79453
19,27,-2.76935
20,27,-2.74045
21,27,-2.70693
22,27,-2.66741
23,27,-2.62027
24,27,-2.56309
25,27,-2.49259
26,27,-2.40465
27,27,-2.29494
28,27,-2.15989
29,27,-1.99902
30,27,-1.8168
31,27,-1.62422
32,27,-1.43535
33,27,-1.26158
34,27,-1.10809
35,27,-0.975128
36,27,-0.861023
37,27,-0.763759
38,27,-0.681313
39,27,-0.6116
40,27,-0.552617
41,27,-0.502561
42,27,-0.459829
43,27,-0.423179
44,27,-0.391616
45,27,-0.364253
46,27,-0.340278
47,27,-0.319045
48,27,-0.300138
49,27,-0.283214
50,27,-0.268035
51,27,-0.254366
52,27,-0.242075
53,27,-0.230971
54,27,-0.22087
55,27,-0.211583
56,27,-0.202953
57,27,-0.194889
58,27,-0.187331
59,27,-0.180377
60,27,-0.173967
61,27,-0.168376
62,27,-0.163011
63,27,-0.159347
0,28,-3.01463
1,28,-3.0113
2,28,-3.00713
3,28,-3.00238
4,28,-2.99744
5,28,-2.99219
6,28,-2.98664
7,28,-2.98072
8,28,-2.9743
9,28,-2.96735
10,28,-2.95966
11,28,-2.95118
12,28,-2.94183
13,28,-2.93143
14,28,-2.91999
15,28,-2.9074
16,28,-2.89337
17,28,-2.8773
18,28,-2.85868
19,28,-2.83704
20,28,-2.81189
21,28,-2.78254
22,28,-2.74765
23,28,-2.70509
24,28,-2.6517
25,28,-2.58273
26,28,-2.49221
27,28,-2.37284
28,28,-2.21756
29,28,-2.02312
30,28,-1.79597
31,28,-1.55573
32,28,-1.32927
33,28,-1.13532
34,28,-0.976303
35,28,-0.845791
36,28,-0.737361
37,28,-0.646918
38,28,-0.571604
39,28,-0.508931
40,28,-0.456715
41,28,-0.413046
42,28,-0.376254
43,28,-0.345009
44,28,-0.31834
45,28,-0.295402
46,28,-0.275416
47,28,-0.257799
48,28,-0.242161
49,28,-0.228208
50,28,-0.215709
51,28,-0.204501
52,28,-0.194474
53,28,-0.18545
54,28,-0.177275
55,28,-0.16975
56,28,-0.162742
57,28,-0.156163
58,28,-0.14999
59,28,-0.14433
60,28,-0.13915
61,28,-0.134728
62,28,-0.130461
63,28,-0.127621
0,29,-3.04583
1,29,-3.04332
2,29,-3.04021
3,29,-3.03655
4,29,-3.03274
5,29,-3.02879
6,29,-3.02457
7,29,-3.02007
8,29,-3.01526
9,29,-3.01
10,29,-3.00418
11,29,-2.99774
12,29,-2.99063
13,29,-2.98269
14,29,-2.97382
15,29,-2.96396
16,29,-2.95286
17,29,-2.94007
18,29,-2.92494
19,29,-2.90693
20,29,-2.88611
21,29,-2.86198
22,29,-2.83322
23,29,-2.79695
24,29,-2.74914
25,29,-2.68368
26,29,-2.59218
27,29,-2.46299
28,29,-2.28244
29,29,-2.04081
30,29,-1.74408
31,29,-1.42805
32,29,-1.14919
33,29,-0.940776
34,29,-0.791519
35,29,-0.677443
36,29,-0.584917
37,29,-0.50853
38,29,-0.445566
39,29,-0.393818
40,29,-0.351257
41,29,-0.316117
42,29,-0.286862
43,29,-0.262237
44,29,-0.24136
45,29,-0.22352
46,29,-0.208084
47,29,-0.19454
48,29,-0.182521
49,29,-0.171782
50,29,-0.16216
51,29,-0.153584
52,29,-0.145952
53,29,-0.139144
54,29,-0.13299
55,29,-0.127326
56,29,-0.122026
57,29,-0.117007
58,29,-0.112298
59,29,-0.107963
60,29,-0.104083
61,29,-0.100835
62,29,-0.0976702
63,29,-0.0955757
0,30,-3.07714
1,30,-3.07546
2,30,-3.07338
3,30,-3.07084
4,30,-3.06824
5,30,-3.06556
6,30,-3.06272
7,30,-3.05983
8,30,-3.05657
9,30,-3.05302
10,30,-3.04908
11,30,-3.0448
12,30,-3.04003
13,30,-3.03471
14,30,-3.02871
15,30,-3.02183
16,30,-3.01389
17,30,-3.00451
18,30,-2.99267
19,30,-2.97797
20,30,-2.96155
21,30,-2.94404
22,30,-2.9232
23,30,-2.89519
24,30,-2.85516
25,30,-2.79613
26,30,-2.70702
27,30,-2.57069
28,30,-2.36373
29,30,-2.0626
30,30,-1.66349
31,30,-1.2223
32,30,-0.86536
33,30,-0.662273
34,30,-0.550492
35,30,-0.470693
36,30,-0.40501
37,30,-0.35007
38,30,-0.304723
39,30,-0.267704
40,30,-0.237562
41,30,-0.21293
42,30,-0.192634
43,30,-0.175677
44,30,-0.161353
45,30,-0.149166
46,30,-0.138738
47,30,-0.129629
48,30,-0.121484
49,30,-0.114155
50,30,-0.107585
51,30,-0.101767
52,30,-0.0966537
53,30,-0.0921349
54,30,-0.0880525
55,30,-0.0842983
56,30,-0.0807577
57,30,-0.0773865
58,30,-0.0741858
59,30,-0.0712333
60,30,-0.0686376
61,30,-0.066565
62,30,-0.0644957
63,30,-0.0631821
0,31,-3.10892
1,31,-3.10756
2,31,-3.10645
3,31,-3.10496
4,31,-3.10361
5,31,-3.10218
6,31,-3.10079
7,31,-3.09937
8,31,-3.0978
9,31,-3.09612
10,31,-3.09419
11,31,-3.09203
12,31,-3.0896
13,31,-3.08693
14,31,-3.08386
15,31,-3.07996
16,31,-3.07551
17,31,-3.07003
18,31,-3.06157
19,31,-3.04969
20,31,-3.03788
21,31,-3.0283
22,31,-3.01717
23,31,-2.99924
24,31,-2.9696
25,31,-2.92102
26,31,-2.84044
27,31,-2.70603
28,31,-2.48362
29,31,-2.12824
30,31,-1.60634
31,31,-0.965448
32,31,-0.466076
33,31,-0.318622
34,31,-0.272909
35,31,-0.237176
36,31,-0.204605
37,31,-0.17627
38,31,-0.152628
39,31,-0.133365
40,31,-0.117816
41,31,-0.105213
42,31,-0.0949516
43,31,-0.0864362
44,31,-0.0792054
45,31,-0.0730876
46,31,-0.0679917
47,31,-0.0635252
48,31,-0.0585509
49,31,-0.0556567
50,31,-0.0522712
51,31,-0.0493084
52,31,-0.0467812
53,31,-0.0445988
54,31,-0.0426281
55,31,-0.0408057
56,31,-0.0390436
57,31,-0.0373439
58,31,-0.0356572
59,31,-0.0341265
60,31,-0.0328069
61,31,-0.0319221
62,31,-0.031067
63,31,-0.0306105
0,32,-3.14116
1,32,-3.1397
2,32,-3.13965
3,32,-3.13929
4,32,-3.13916
5,32,-3.13903
6,32,-3.13908
7,32,-3.13921
8,32,-3.13934
9,32,-3.13944
10,32,-3.13951
11,32,-3.13955
12,32,-3.13954
13,32,-3.13955
14,32,-3.13946
15,32,-3.13931
16,32,-3.13984
17,32,-3.13758
18,32,-3.13411
19,32,-3.12803
20,32,-3.12495
21,32,-3.12932
22,32,-3.13893
23,32,3.13066
24,32,3.1093
25,32,3.07214
26,32,3.00529
27,32,2.88516
28,32,2.67374
29,32,2.31638
30,32,1.75248
31,32,0.959374
32,32,0.012409
33,32,0.00783351
34,32,0.00700511
35,32,0.00626684
36,32,0.00574345
37,32,0.00544952
38,32,0.00530847
39,32,0.00517308
40,32,0.00495606
41,32,0.00469678
42,32,0.00436299
43,32,0.0040705
44,32,0.00390454
45,32,0.00371458
46,32,0.0033394
47,32,0.00316548
48,32,0.0041831
49,32,0.00316599
50,32,0.00328935
51,32,0.00335469
52,32,0.00325788
53,32,0.00307033
54,32,0.00288562
55,32,0.00274203
56,32,0.00270442
57,32,0.00274554
58,32,0.00290691
59,32,0.00300258
60,32,0.00301398
61,32,0.00265997
62,32,0.00238591
63,32,0.00193519
0,33,3.11182
1,33,3.11119
2,33,3.11008
3,33,3.10919
4,33,3.10806
5,33,3.10683
6,33,3.10535
7,33,3.10372
8,33,3.10194
9,33,3.10004
10,33,3.09803
11,33,3.09583
12,33,3.0935
13,33,3.09092
14,33,3.08802
15,33,3.08495
16,33,3.08173
17,33,3.07872
18,33,3.0769
19,33,3.07626
20,33,3.07237
21,33,3.0613
22,33,3.04399
23,33,3.02066
24,33,2.98737
25,33,2.93602
26,33,2.85304
27,33,2.71643
28,33,2.49267
29,33,2.13855
30,33,1.62187
31,33,0.984977
32,33,0.48287
33,33,0.332354
34,33,0.285641
35,33,0.248842
36,33,0.21544
37,33,0.18662
38,33,0.162744
39,33,0.143243
40,33,0.127311
41,33,0.11422
42,33,0.103345
43,33,0.0942956
44,33,0.0867369
45,33,0.0802097
46,33,0.0744277
47,33,0.0694555
48,33,0.0652754
49,33,0.0617309
50,33,0.0586204
51,33,0.0557659
52,33,0.0530465
53,33,0.0504773
54,33,0.048114
55,33,0.0459863
56,33,0.0441303
57,33,0.0425202
58,33,0.0411428
59,33,0.039819
60,33,0.0384888
61,33,0.0368701
62,33,0.0355409
63,33,0.0343803
0,34,3.08031
1,34,3.07893
2,34,3.07671
3,34,3.07465
4,34,3.07227
5,34,3.06965
6,34,3.06679
7,34,3.06363
8,34,3.06025
9,34,3.05665
10,34,3.05268
11,34,3.04834
12,34,3.04366
13,34,3.03855
14,34,3.03292
15,34,3.02676
16,34,3.0199
17,34,3.01243
18,34,3.00474
19,34,2.99645
20,34,2.9852
21,34,2.96833
22,34,2.94497
23,34,2.91388
24,34,2.87134
25,34,2.81046
26,34,2.71985
27,34,2.58227
28,34,2.37445
29,34,2.07244
30,34,1.67285
31,34,1.23154
32,34,0.874897
33,34,0.672129
34,34,0.560382
35,34,0.480331
36,34,0.414317
37,34,0.359135
38,34,0.313656
39,34,0.276484
40,34,0.246087
41,34,0.221068
42,34,0.200309
43,34,0.182978
44,34,0.168321
45,34,0.155692
46,34,0.144707
47,34,0.135205
48,34,0.127002
49,34,0.119873
50,34,0.113564
51,34,0.107833
52,34,0.102539
53,34,0.0976228
54,34,0.0931197
55,34,0.0890329
56,34,0.0853886
57,34,0.0821595
58,34,0.0792574
59,34,0.0765381
60,34,0.0738464
61,34,0.0710013
62,34,0.0684591
63,34,0.0664758
0,35,3.04887
1,35,3.04691
2,35,3.04371
3,35,3.04051
4,35,3.03691
5,35,3.03306
6,35,3.02881
7,35,3.02416
8,35,3.01917
9,35,3.01379
10,35,3.00792
11,35,3.00158
12,35,2.9947
13,35,2.98717
14,35,2.97881
15,35,2.96957
16,35,2.95904
17,35,2.9473
18,35,2.9343
19,35,2.91959
20,35,2.90179
21,35,2.87919
22,35,2.85013
23,35,2.81261
24,35,2.76323
25,35,2.69654
26,35,2.60406
27,35,2.47396
28,35,2.29265
29,35,2.05
30,35,1.752
31,35,1.43484
32,35,1.15565
33,35,0.947596
34,35,0.798701
35,35,0.684838
36,35,0.592429
37,35,0.51606
38,35,0.453056
39,35,0.401242
40,35,0.358581
41,35,0.323221
42,35,0.293708
43,35,0.268892
44,35,0.24775
45,35,0.229492
46,35,0.213656
47,35,0.199909
48,35,0.187903
49,35,0.177334
50,35,0.167929
51,35,0.159428
52,35,0.151652
53,35,0.144495
54,35,0.137927
55,35,0.131958
56,35,0.126578
57,35,0.12176
58,35,0.117379
59,35,0.113261
60,35,0.1093
61,35,0.105238
62,35,0.101569
63,35,0.098674
0,36,3.01784
1,36,3.01511
2,36,3.01085
3,36,3.0066
4,36,3.00182
5,36,2.99675
6,36,2.99111
7,36,2.985
8,36,2.97846
9,36,2.97132
10,36,2.96363
11,36,2.95536
12,36,2.94634
13,36,2.93648
14,36,2.92556
15,36,2.91328
16,36,2.89934
17,36,2.8838
18,36,2.86643
19,36,2.84663
20,36,2.82337
21,36,2.79539
22,36,2.76105
23,36,2.71831
24,36,2.66412
25,36,2.59437
26,36,2.50327
27,36,2.38333
28,36,2.22742
29,36,2.03215
30,36,1.80387
31,36,1.56243
32,36,1.33512
33,36,1.14081
34,36,0.981792
35,36,0.851442
36,36,0.743263
37,36,0.652992
38,36,0.577693
39,36,0.515019
40,36,0.462803
41,36,0.419066
42,36,0.382238
43,36,0.350999
44,36,0.324182
45,36,0.300917
46,36,0.280666
47,36,0.262995
48,36,0.247456
49,36,0.233681
50,36,0.22136
51,36,0.210244
52,36,0.200096
53,36,0.190805
54,36,0.182267
55,36,0.174483
56,36,0.167417
57,36,0.161012
58,36,0.155173
59,36,0.149678
60,36,0.144501
61,36,0.13928
62,36,0.134547
63,36,0.130846
0,37,2.98692
1,37,2.98349
2,37,2.97829
3,37,2.97296
4,37,2.96703
5,37,2.96067
6,37,2.95376
7,37,2.94626
8,37,2.9382
9,37,2.92948
10,37,2.92009
11,37,2.90995
12,37,2.89894
13,37,2.88679
14,37,2.87324
15,37,2.85812
16,37,2.84126
17,37,2.82249
18,37,2.80137
19,37,2.77737
20,37,2.74963
21,37,2.71703
22,37,2.67826
23,37,2.63151
24,37,2.57423
25,37,2.50341
26,37,2.41506
27,37,2.30488
28,37,2.16934
29,37,2.00771
30,37,1.82473
31,37,1.63132
32,37,1.44156
33,37,1.26697
34,37,1.11294
35,37,0.979835
36,37,0.865839
37,37,0.768752
38,37,0.68638
39,37,0.616666
40,37,0.557666
41,37,0.507627
42,37,0.465043
43,37,0.428532
44,37,0.396923
45,37,0.36933
46,37,0.345164
47,37,0.323938
48,37,0.305181
49,37,0.288488
50,37,0.273496
51,37,0.259946
52,37,0.247569
53,37,0.236233
54,37,0.22583
55,37,0.2163
56,37,0.207606
57,37,0.199669
58,37,0.1924
59,37,0.185596
60,37,0.179196
61,37,0.172867
62,37,0.167065
63,37,0.16264
0,38,2.95629
1,38,2.95216
2,38,2.94596
3,38,2.9396
4,38,2.9326
5,38,2.92508
6,38,2.91695
7,38,2.90812
8,38,2.89858
9,38,2.88838
10,38,2.87742
11,38,2.86555
12,38,2.85263
13,38,2.83818
14,38,2.82224
15,38,2.80465
16,38,2.78525
17,38,2.76363
18,38,2.73936
19,38,2.71191
20,38,2.68047
21,38,2.64418
22,38,2.60191
23,38,2.55231
24,38,2.4933
25,38,2.42259
26,38,2.33757
27,38,2.23584
28,38,2.11586
29,38,1.97779
30,38,1.82492
31,38,1.66363
32,38,1.50183
33,38,1.34702
34,38,1.20435
35,38,1.07623
36,38,0.963195
37,38,0.864676
38,38,0.779491
39,38,0.706071
40,38,0.642881
41,38,0.588521
42,38,0.541648
43,38,0.500992
44,38,0.465475
45,38,0.434269
46,38,0.406752
47,38,0.382424
48,38,0.360817
49,38,0.341514
50,38,0.32413
51,38,0.308355
52,38,0.293917
53,38,0.280659
54,38,0.268481
55,38,0.257311
56,38,0.247072
57,38,0.237704
58,38,0.229085
59,38,0.221031
60,38,0.213436
61,38,0.206018
62,38,0.199144
63,38,0.193995
0,39,2.92606
1,39,2.92115
2,39,2.91402
3,39,2.90663
4,39,2.8986
5,39,2.88997
6,39,2.88066
7,39,2.8706
8,39,2.85982
9,39,2.84824
10,39,2.83578
11,39,2.82223
12,39,2.80732
13,39,2.79091
14,39,2.77295
15,39,2.75322
16,39,2.73153
17,39,2.70745
18,39,2.68053
19,39,2.65024
20,39,2.61595
21,39,2.57686
22,39,2.53212
23,39,2.48055
24,39,2.42072
25,39,2.35092
26,39,2.26944
27,39,2.17502
28,39,2.06698
29,39,1.94587
30,39,1.814
31,39,1.6754
32,39,1.53501
33,39,1.39785
34,39,1.26805
35,39,1.14829
36,39,1.04001
37,39,0.943564
38,39,0.858557
39,39,0.783999
40,39,0.718749
41,39,0.661748
42,39,0.611943
43,39,0.568215
44,39,0.52967
45,39,0.49557
46,39,0.465285
47,39,0.438326
48,39,0.414251
49,39,0.392643
50,39,0.373126
51,39,0.355348
52,39,0.339024
53,39,0.323995
54,39,0.310163
55,39,0.297442
56,39,0.285765
57,39,0.275042
58,39,0.265155
59,39,0.255911
60,39,0.247213
61,39,0.238755
62,39,0.230877
63,39,0.225022
0,40,2.8962
1,40,2.89063
2,40,2.88258
3,40,2.87421
4,40,2.86513
5,40,2.85537
6,40,2.84495
7,40,2.83378
8,40,2.82184
9,40,2.80896
10,40,2.79507
11,40,2.77987
12,40,2.76324
13,40,2.74517
14,40,2.72551
15,40,2.70399
16,40,2.68032
17,40,2.65405
18,40,2.62496
19,40,2.59248
20,40,2.55601
21,40,2.51496
22,40,2.46856
23,40,2.41589
24,40,2.35592
25,40,2.28752
26,40,2.2096
27,40,2.12154
28,40,2.0231
29,40,1.91485
30,40,1.79849
31,40,1.67673
32,40,1.55299
33,40,1.43082
34,40,1.31332
35,40,1.20287
36,40,1.10101
37,40,1.00854
38,40,0.925566
39,40,0.851597
40,40,0.785878
41,40,0.727636
42,40,0.676056
43,40,0.630249
44,40,0.589504
45,40,0.553163
46,40,0.520638
47,40,0.491514
48,40,0.465348
49,40,0.441747
50,40,0.420337
51,40,0.400761
52,40,0.382719
53,40,0.36608
54,40,0.350742
55,40,0.336613
56,40,0.323601
57,40,0.311608
58,40,0.300529
59,40,0.290164
60,40,0.280424
61,40,0.271004
62,40,0.2622
63,40,0.255675
0,41,2.86673
1,41,2.86054
2,41,2.85166
3,41,2.84243
4,41,2.83234
5,41,2.82161
6,41,2.81013
7,41,2.79789
8,41,2.78478
9,41,2.77064
10,41,2.75533
11,41,2.73868
12,41,2.72063
13,41,2.70118
14,41,2.68004
15,41,2.6569
16,41,2.63152
17,41,2.60355
18,41,2.57268
19,41,2.53853
20,41,2.50055
21,41,2.45821
22,41,2.41086
23,41,2.35777
24,41,2.29827
25,41,2.23165
26,41,2.15727
27,41,2.07485
28,41,1.98428
29,41,1.88617
30,41,1.7818
31,41,1.67312
32,41,1.56263
33,41,1.45296
34,41,1.34647
35,41,1.24501
36,41,1.15
37,41,1.06235
38,41,0.982445
39,41,0.91016
40,41,0.845092
41,41,0.786672
42,41,0.734273
43,41,0.687243
44,41,0.644999
45,41,0.606995
46,41,0.572739
47,41,0.54187
48,41,0.513982
49,41,0.488699
50,41,0.465635
51,41,0.444471
52,41,0.424908
53,41,0.406841
54,41,0.390167
55,41,0.374763
56,41,0.360519
57,41,0.347352
58,41,0.335164
59,41,0.323757
60,41,0.313033
61,41,0.302694
62,41,0.292981
63,41,0.285805
0,42,2.83772
1,42,2.83093
2,42,2.82131
3,42,2.81117
4,42,2.80024
5,42,2.78861
6,42,2.77625
7,42,2.76299
8,42,2.74874
9,42,2.73335
10,42,2.71674
11,42,2.69885
12,42,2.67967
13,42,2.65896
14,42,2.6365
15,42,2.61197
16,42,2.58519
17,42,2.55583
18,42,2.52365
19,42,2.48831
20,42,2.44935
21,42,2.40618
22,42,2.35842
23,42,2.30555
24,42,2.24701
25,42,2.18245
26,42,2.11154
27,42,2.03405
28,42,1.95015
29,42,1.86041
30,42,1.76573
31,42,1.6676
32,42,1.56789
33,42,1.46862
34,42,1.37158
35,42,1.27827
36,42,1.18989
37,42,1.10729
38,42,1.03095
39,42,0.961041
40,42,0.897346
41,42,0.839485
42,42,0.786983
43,42,0.739401
44,42,0.696266
45,42,0.65713
46,42,0.621597
47,42,0.589397
48,42,0.56011
49,42,0.533406
50,42,0.50896
51,42,0.486449
52,42,0.465582
53,42,0.446261
54,42,0.428377
55,42,0.411814
56,42,0.396458
57,42,0.382218
58,42,0.369007
59,42,0.356626
60,42,0.344974
61,42,0.33376
62,42,0.323192
63,42,0.315406
0,43,2.80919
1,43,2.8019
2,43,2.79156
3,43,2.78059
4,43,2.76886
5,43,2.75642
6,43,2.74316
7,43,2.72897
8,43,2.71364
9,43,2.69716
10,43,2.67951
11,43,2.66063
12,43,2.64036
13,43,2.61858
14,43,2.59495
15,43,2.56929
16,43,2.54132
17,43,2.51094
18,43,2.4778
19,43,2.4417
20,43,2.40212
21,43,2.35862
22,43,2.3109
23,43,2.25859
24,43,2.20143
25,43,2.13911
26,43,2.07148
27,43,1.99846
28,43,1.9203
29,43,1.83758
30,43,1.75095
31,43,1.66153
32,43,1.57079
33,43,1.48023
34,43,1.39127
35,43,1.30515
36,43,1.22288
37,43,1.1452
38,43,1.07265
39,43,1.00542
40,43,0.943547
41,43,0.886716
42,43,0.834636
43,43,0.787018
44,43,0.743495
45,43,0.703681
46,43,0.667288
47,43,0.63409
48,43,0.603715
49,43,0.575884
50,43,0.550306
51,43,0.526666
52,43,0.504686
53,43,0.484261
54,43,0.465294
55,43,0.44768
56,43,0.431315
57,43,0.416112
58,43,0.401961
59,43,0.388698
60,43,0.376193
61,43,0.364179
62,43,0.352814
63,43,0.344455
0,44,2.78127
1,44,2.77345
2,44,2.76242
3,44,2.75069
4,44,2.73822
5,44,2.72504
6,44,2.71092
7,44,2.69578
8,44,2.67952
9,44,2.66217
10,44,2.64371
11,44,2.62398
12,44,2.60278
13,44,2.58001
14,44,2.55541
15,44,2.52878
16,44,2.49996
17,44,2.46881
18,44,2.4351
19,44,2.39849
20,44,2.35857
21,44,2.31505
22,44,2.26777
23,44,2.21641
24,44,2.16079
25,44,2.10074
26,44,2.03617
27,44,1.96727
28,44,1.89418
29,44,1.81743
30,44,1.73762
31,44,1.65555
32,44,1.57235
33,44,1.48916
34,44,1.40714
35,44,1.32734
36,44,1.25063
37,44,1.17759
38,44,1.10873
39,44,1.04434
40,44,0.984518
41,44,0.929043
42,44,0.87775
43,44,0.830461
44,44,0.786921
45,44,0.746816
46,44,0.709897
47,44,0.676007
48,44,0.644837
49,44,0.61615
50,44,0.589681
51,44,0.565124
52,44,0.542189
53,44,0.520802
54,44,0.500887
55,44,0.482344
56,44,0.465069
57,44,0.448984
58,44,0.433982
59,44,0.419917
60,44,0.406639
61,44,0.39389
62,44,0.381794
63,44,0.372897
0,45,2.75395
1,45,2.74559
2,45,2.73388
3,45,2.72156
4,45,2.70844
5,45,2.6945
6,45,2.67955
7,45,2.66356
8,45,2.64656
9,45,2.62849
10,45,2.60929
11,45,2.58882
12,45,2.56691
13,45,2.54333
14,45,2.5179
15,45,2.49055
16,45,2.4611
17,45,2.42943
18,45,2.39533
19,45,2.35843
20,45,2.31845
21,45,2.27522
22,45,2.22859
23,45,2.1784
24,45,2.12445
25,45,2.06667
26,45,2.0051
27,45,1.93992
28,45,1.87127
29,45,1.79965
30,45,1.72561
31,45,1.64985
32,45,1.57308
33,45,1.49626
34,45,1.42029
35,45,1.34604
36,45,1.27429
37,45,1.20554
38,45,1.14022
39,45,1.07867
40,45,1.02098
41,45,0.967091
42,45,0.916853
43,45,0.870175
44,45,0.826884
45,45,0.786742
46,45,0.749581
47,45,0.715266
48,45,0.683571
49,45,0.654254
50,45,0.627086
51,45,0.601784
52,45,0.578084
53,45,0.55588
54,45,0.535145
55,45,0.515792
56,45,0.497729
57,45,0.48085
58,45,0.46507
59,45,0.450254
60,45,0.43627
61,45,0.422845
62,45,0.410085
63,45,0.400713
0,46,2.72719
1,46,2.7184
2,46,2.70611
3,46,2.69323
4,46,2.67943
5,46,2.66478
6,46,2.64911
7,46,2.63248
8,46,2.61488
9,46,2.59619
10,46,2.57631
11,46,2.55515
12,46,2.53251
13,46,2.5083
14,46,2.48236
15,46,2.45458
16,46,2.42473
17,46,2.39267
18,46,2.35823
19,46,2.32125
20,46,2.28148
21,46,2.23878
22,46,2.19302
23,46,2.14409
24,46,2.09189
25,46,2.0364
26,46,1.97773
27,46,1.91589
28,46,1.85118
29,46,1.78399
30,46,1.71494
31,46,1.64457
32,46,1.5734
33,46,1.50208
34,46,1.43141
35,46,1.36206
36,46,1.29475
37,46,1.22988
38,46,1.16791
39,46,1.10911
40,46,1.05358
41,46,1.00136
42,46,0.952394
43,46,0.90654
44,46,0.863702
45,46,0.823756
46,46,0.78659
47,46,0.752074
48,46,0.720033
49,46,0.690272
50,46,0.662583
51,46,0.636702
52,46,0.61238
53,46,0.58951
54,46,0.568092
55,46,0.548051
56,46,0.529296
57,46,0.511704
58,46,0.495231
59,46,0.479728
60,46,0.465085
61,46,0.451047
62,46,0.437692
63,46,0.427896
0,47,2.70119
1,47,2.6919
2,47,2.67911
3,47,2.66565
4,47,2.65121
5,47,2.63588
6,47,2.61963
7,47,2.60247
8,47,2.58435
9,47,2.56511
10,47,2.54467
11,47,2.5229
12,47,2.4997
13,47,2.47495
14,47,2.44862
15,47,2.41983
16,47,2.38968
17,47,2.35823
18,47,2.32369
19,47,2.28683
20,47,2.24743
21,47,2.20543
22,47,2.16066
23,47,2.1131
24,47,2.06263
25,47,2.00931
26,47,1.95333
27,47,1.89463
28,47,1.83349
29,47,1.77027
30,47,1.70552
31,47,1.63864
32,47,1.57224
33,47,1.50694
34,47,1.44093
35,47,1.37598
36,47,1.31264
37,47,1.25134
38,47,1.19241
39,47,1.1362
40,47,1.08282
41,47,1.03233
42,47,0.984711
43,47,0.939834
44,47,0.89765
45,47,0.85809
46,47,0.821116
47,47,0.785694
48,47,0.754006
49,47,0.724317
50,47,0.696264
51,47,0.66994
52,47,0.645112
53,47,0.621708
54,47,0.599718
55,47,0.579094
56,47,0.559743
57,47,0.54155
58,47,0.524474
59,47,0.508358
60,47,0.493141
61,47,0.47856
62,47,0.464639
63,47,0.452895
0,48,2.67537
1,48,2.6661
2,48,2.65286
3,48,2.63881
4,48,2.62377
5,48,2.60791
6,48,2.59118
7,48,2.57353
8,48,2.55492
9,48,2.53521
10,48,2.5143
11,48,2.49204
12,48,2.46843
13,48,2.44333
14,48,2.41669
15,48,2.38751
16,48,2.35682
17,48,2.32582
18,48,2.29145
19,48,2.25492
20,48,2.21613
21,48,2.17491
22,48,2.13118
23,48,2.08501
24,48,2.03626
25,48,1.9851
26,48,1.93152
27,48,1.87571
28,48,1.81784
29,48,1.7582
30,48,1.69724
31,48,1.63435
32,48,1.57254
33,48,1.51099
34,48,1.44913
35,48,1.38812
36,48,1.32839
37,48,1.27033
38,48,1.21426
39,48,1.16049
40,48,1.10918
41,48,1.06037
42,48,1.0141
43,48,0.970333
44,48,0.92894
45,48,0.889921
46,48,0.85327
47,48,0.818059
48,48,0.78692
49,48,0.756464
50,48,0.728173
51,48,0.701546
52,48,0.676335
53,48,0.652499
54,48,0.630042
55,48,0.608931
56,48,0.589081
57,48,0.57038
58,48,0.552786
59,48,0.536171
60,48,0.52042
61,48,0.505333
62,48,0.490936
63,48,0.478796
0,49,2.65092
1,49,2.64105
2,49,2.6273
3,49,2.61269
4,49,2.59714
5,49,2.58083
6,49,2.56368
7,49,2.54564
8,49,2.52662
9,49,2.50649
10,49,2.48513
11,49,2.46253
12,49,2.43863
13,49,2.41329
14,49,2.38646
15,49,2.35795
16,49,2.32764
17,49,2.29544
18,49,2.26135
19,49,2.22536
20,49,2.18723
21,49,2.14685
22,49,2.10429
23,49,2.05947
24,49,2.01241
25,49,1.96326
26,49,1.91198
27,49,1.85879
28,49,1.80387
29,49,1.74746
30,49,1.68992
31,49,1.63166
32,49,1.57306
33,49,1.51444
34,49,1.45621
35,49,1.39872
36,49,1.34229
37,49,1.28726
38,49,1.23387
39,49,1.18241
40,49,1.13303
41,49,1.08587
42,49,1.04096
43,49,0.998302
44,49,0.957783
45,49,0.919416
46,49,0.883213
47,49,0.849094
48,49,0.816969
49,49,0.786761
50,49,0.758349
51,49,0.731538
52,49,0.70608
53,49,0.681921
54,49,0.6591
55,49,0.637593
56,49,0.617328
57,49,0.598201
58,49,0.580157
59,49,0.56306
60,49,0.546842
61,49,0.531284
62,49,0.516439
63,49,0.505576
0,50,2.62677
1,50,2.61659
2,50,2.60237
3,50,2.58731
4,50,2.57143
5,50,2.55472
6,50,2.53723
7,50,2.51884
8,50,2.49943
9,50,2.47891
10,50,2.45725
11,50,2.43438
12,50,2.41024
13,50,2.38477
14,50,2.35778
15,50,2.32923
16,50,2.29905
17,50,2.26713
18,50,2.23341
19,50,2.19789
20,50,2.16044
21,50,2.12098
22,50,2.07957
23,50,2.03614
24,50,1.99088
25,50,1.94354
26,50,1.89442
27,50,1.84359
28,50,1.79135
29,50,1.73786
30,50,1.68341
31,50,1.6283
32,50,1.57287
33,50,1.51747
34,50,1.46244
35,50,1.40806
36,50,1.35463
37,50,1.30238
38,50,1.2515
39,50,1.20222
40,50,1.15471
41,50,1.10913
42,50,1.06556
43,50,1.024
44,50,0.98442
45,50,0.946792
46,50,0.911136
47,50,0.87736
48,50,0.845448
49,50,0.815333
50,50,0.786891
51,50,0.759989
52,50,0.734394
53,50,0.710039
54,50,0.686959
55,50,0.665141
56,50,0.644523
57,50,0.625016
58,50,0.606552
59,50,0.589048
60,50,0.572414
61,50,0.556478
62,50,0.541244
63,50,0.530081
0,51,2.6033
1,51,2.59277
2,51,2.57814
3,51,2.56272
4,51,2.54652
5,51,2.52952
6,51,2.51172
7,51,2.49299
8,51,2.47326
9,51,2.45247
10,51,2.4306
11,51,2.40753
12,51,2.38323
13,51,2.35764
14,51,2.33068
15,51,2.30222
16,51,2.27223
17,51,2.24058
18,51,2.20732
19,51,2.17241
20,51,2.13566
21,51,2.09715
22,51,2.05683
23,51,2.01478
24,51,1.9711
25,51,1.92563
26,51,1.87855
27,51,1.82999
28,51,1.78015
29,51,1.72927
30,51,1.67756
31,51,1.62531
32,51,1.57277
33,51,1.52023
34,51,1.46801
35,51,1.41641
36,51,1.36563
37,51,1.31591
38,51,1.26737
39,51,1.22017
40,51,1.17448
41,51,1.13044
42,51,1.08817
43,51,1.04771
44,51,1.00908
45,51,0.972242
46,51,0.937176
47,51,0.903835
48,51,0.87222
49,51,0.842272
50,51,0.813919
51,51,0.787007
52,51,0.761349
53,51,0.736871
54,51,0.713608
55,51,0.691548
56,51,0.670635
57,51,0.650814
58,51,0.632011
59,51,0.61418
60,51,0.597222
61,51,0.58099
62,51,0.565449
63,51,0.554029
0,52,2.58049
1,52,2.56967
2,52,2.55468
3,52,2.53896
4,52,2.52247
5,52,2.50514
6,52,2.48704
7,52,2.46803
8,52,2.44807
9,52,2.42709
10,52,2.40507
11,52,2.38192
12,52,2.35759
13,52,2.33196
14,52,2.30502
15,52,2.27671
16,52,2.24699
17,52,2.21571
18,52,2.18297
19,52,2.14868
20,52,2.11278
21,52,2.07517
22,52,2.03594
23,52,1.99522
24,52,1.95297
25,52,1.9092
26,52,1.86404
27,52,1.81757
28,52,1.77002
29,52,1.72156
30,52,1.67235
31,52,1.62264
32,52,1.57268
33,52,1.52273
34,52,1.47308
35,52,1.42395
36,52,1.37556
37,52,1.3281
38,52,1.28172
39,52,1.23646
40,52,1.19251
41,52,1.15001
42,52,1.10905
43,52,1.0697
44,52,1.03198
45,52,0.99593
46,52,0.961499
47,52,0.928641
48,52,0.89739
49,52,0.867695
50,52,0.839503
51,52,0.812661
52,52,0.786981
53,52,0.762418
54,52,0.739031
55,52,0.716805
56,52,0.695704
57,52,0.67565
58,52,0.656598
59,52,0.638498
60,52,0.621269
61,52,0.604757
62,52,0.588919
63,52,0.577279
0,53,2.55817
1,53,2.54714
2,53,2.53196
3,53,2.51599
4,53,2.49926
5,53,2.48167
6,53,2.46327
7,53,2.44404
8,53,2.42391
9,53,2.40279
10,53,2.38068
11,53,2.35749
12,53,2.33313
13,53,2.30754
14,53,2.28072
15,53,2.25264
16,53,2.22324
17,53,2.19235
18,53,2.16019
19,53,2.12657
20,53,2.09144
21,53,2.05477
22,53,2.01665
23,53,1.97721
24,53,1.93637
25,53,1.89421
26,53,1.8508
27,53,1.80628
28,53,1.76083
29,53,1.71456
30,53,1.66764
31,53,1.62025
32,53,1.57266
33,53,1.52503
34,53,1.47767
35,53,1.4308
36,53,1.38458
37,53,1.33917
38,53,1.29473
39,53,1.2513
40,53,1.209
41,53,1.16797
42,53,1.12832
43,53,1.09007
44,53,1.0533
45,53,1.01803
46,53,0.984241
47,53,0.951907
48,53,0.921065
49,53,0.891662
50,53,0.863664
51,53,0.836945
52,53,0.811307
53,53,0.786721
54,53,0.763276
55,53,0.740985
56,53,0.719779
57,53,0.699567
58,53,0.680316
59,53,0.661987
60,53,0.644527
61,53,0.627766
62,53,0.611649
63,53,0.599773
0,54,2.53656
1,54,2.52538
2,54,2.50999
3,54,2.49374
4,54,2.47676
5,54,2.45897
6,54,2.4404
7,54,2.42102
8,54,2.40079
9,54,2.37958
10,54,2.3574
11,54,2.33416
12,54,2.30983
13,54,2.28436
14,54,2.25771
15,54,2.22994
16,54,2.20085
17,54,2.17047
18,54,2.13883
19,54,2.10587
20,54,2.07155
21,54,2.03581
22,54,1.99883
23,54,1.96059
24,54,1.9211
25,54,1.88044
26,54,1.83871
27,54,1.79598
28,54,1.75238
29,54,1.70811
30,54,1.66329
31,54,1.61806
32,54,1.57264
33,54,1.52719
34,54,1.4819
35,54,1.43705
36,54,1.39278
37,54,1.34923
38,54,1.30657
39,54,1.26484
40,54,1.22412
41,54,1.18452
42,54,1.14612
43,54,1.10896
44,54,1.07313
45,54,1.03866
46,54,1.0055
47,54,0.973747
48,54,0.943306
49,54,0.914231
50,54,0.886488
51,54,0.859963
52,54,0.834451
53,54,0.80991
54,54,0.786473
55,54,0.764167
56,54,0.742893
57,54,0.722572
58,54,0.703169
59,54,0.684664
60,54,0.667002
61,54,0.650032
62,54,0.633687
63,54,0.621603
0,55,2.51555
1,55,2.50425
2,55,2.48861
3,55,2.47215
4,55,2.45496
5,55,2.43705
6,55,2.41838
7,55,2.39887
8,55,2.37856
9,55,2.3573
10,55,2.33508
11,55,2.31188
12,55,2.28765
13,55,2.26236
14,55,2.23597
15,55,2.20849
16,55,2.17978
17,55,2.14983
18,55,2.11876
19,55,2.08649
20,55,2.05295
21,55,2.01817
22,55,1.98225
23,55,1.94518
24,55,1.90699
25,55,1.86776
26,55,1.82758
27,55,1.7865
28,55,1.74467
29,55,1.70222
30,55,1.65933
31,55,1.61606
32,55,1.57264
33,55,1.52917
34,55,1.48585
35,55,1.44284
36,55,1.40035
37,55,1.3585
38,55,1.31745
39,55,1.2773
40,55,1.23806
41,55,1.1998
42,55,1.16259
43,55,1.12647
44,55,1.09155
45,55,1.05788
46,55,1.02544
47,55,0.994243
48,55,0.964256
49,55,0.935553
50,55,0.908134
51,55,0.881859
52,55,0.856522
53,55,0.832073
54,55,0.808675
55,55,0.786373
56,55,0.765076
57,55,0.744701
58,55,0.725182
59,55,0.706521
60,55,0.688692
61,55,0.67153
62,55,0.654981
63,55,0.642755
0,56,2.49515
1,56,2.48373
2,56,2.46788
3,56,2.45124
4,56,2.43391
5,56,2.41591
6,56,2.39714
7,56,2.37761
8,56,2.35722
9,56,2.33596
10,56,2.31378
11,56,2.29065
12,56,2.26657
13,56,2.2415
14,56,2.21538
15,56,2.18823
16,56,2.15991
17,56,2.13045
18,56,2.09993
19,56,2.06836
20,56,2.03561
21,56,2.00172
22,56,1.96686
23,56,1.93089
24,56,1.89394
25,56,1.85602
26,56,1.81727
27,56,1.77773
28,56,1.73754
29,56,1.6968
30,56,1.65563
31,56,1.61417
32,56,1.57257
33,56,1.53093
34,56,1.48942
35,56,1.4482
36,56,1.40736
37,56,1.36708
38,56,1.32748
39,56,1.28872
40,56,1.25087
41,56,1.21388
42,56,1.17779
43,56,1.14266
44,56,1.10866
45,56,1.07582
46,56,1.0441
47,56,1.01348
48,56,0.98403
49,56,0.955727
50,56,0.928641
51,56,0.902652
52,56,0.877518
53,56,0.853207
54,56,0.829893
55,56,0.807622
56,56,0.786334
57,56,0.765938
58,56,0.74636
59,56,0.72758
60,56,0.709605
61,56,0.692285
62,56,0.675585
63,56,0.663214
0,57,2.47535
1,57,2.46382
2,57,2.44782
3,57,2.43108
4,57,2.41362
5,57,2.39555
6,57,2.37671
7,57,2.35715
8,57,2.33676
9,57,2.31552
10,57,2.29341
11,57,2.27042
12,57,2.24653
13,57,2.22169
14,57,2.19586
15,57,2.16907
16,57,2.14115
17,57,2.11223
18,57,2.08232
19,57,2.05142
20,57,2.01944
21,57,1.98651
22,57,1.95253
23,57,1.91763
24,57,1.88181
25,57,1.84515
26,57,1.80775
27,57,1.76967
28,57,1.73099
29,57,1.69182
30,57,1.65223
31,57,1.61242
32,57,1.57246
33,57,1.53249
34,57,1.49265
35,57,1.45305
36,57,1.4138
37,57,1.375
38,57,1.33681
39,57,1.29936
40,57,1.26272
41,57,1.22692
42,57,1.1919
43,57,1.15779
44,57,1.12468
45,57,1.09265
46,57,1.06163
47,57,1.03161
48,57,1.00265
49,57,0.974795
50,57,0.948073
51,57,0.922376
52,57,0.897475
53,57,0.873342
54,57,0.850143
55,57,0.827969
56,57,0.806719
57,57,0.786321
58,57,0.766706
59,57,0.747842
60,57,0.729761
61,57,0.712341
62,57,0.695519
63,57,0.683052
0,58,2.45621
1,58,2.44457
2,58,2.42845
3,58,2.41159
4,58,2.39404
5,58,2.37592
6,58,2.35707
7,58,2.33748
8,58,2.3171
9,58,2.29593
10,58,2.27396
11,58,2.25115
12,58,2.22744
13,58,2.20282
14,58,2.17731
15,58,2.15088
16,58,2.12344
17,58,2.09507
18,58,2.06575
19,58,2.03552
20,58,2.0043
21,58,1.9722
22,58,1.93915
23,58,1.90527
24,58,1.87055
25,58,1.83508
26,58,1.79893
27,58,1.7622
28,58,1.72488
29,58,1.68716
30,58,1.6491
31,58,1.61077
32,58,1.57237
33,58,1.53394
34,58,1.49562
35,58,1.45754
36,58,1.41979
37,58,1.38243
38,58,1.34556
39,58,1.30932
40,58,1.27382
41,58,1.23911
42,58,1.20514
43,58,1.172
44,58,1.13976
45,58,1.10847
46,58,1.07814
47,58,1.04873
48,58,1.02026
49,58,0.992856
50,58,0.96651
51,58,0.941141
52,58,0.916491
53,58,0.892563
54,58,0.869532
55,58,0.847471
56,58,0.826293
57,58,0.805919
58,58,0.78628
59,58,0.76738
60,58,0.74923
61,58,0.731751
62,58,0.714857
63,58,0.702314
0,59,2.43771
1,59,2.426
2,59,2.40979
3,59,2.39285
4,59,2.37525
5,59,2.35705
6,59,2.33819
7,59,2.31863
8,59,2.29829
9,59,2.27721
10,59,2.25537
11,59,2.23272
12,59,2.20924
13,59,2.18493
14,59,2.15976
15,59,2.13367
16,59,2.1067
17,59,2.07884
18,59,2.0501
19,59,2.02052
20,59,1.99013
21,59,1.95878
22,59,1.92662
23,59,1.89371
24,59,1.86003
25,59,1.82567
26,59,1.7907
27,59,1.75518
28,59,1.7192
29,59,1.68282
30,59,1.64613
31,59,1.60923
32,59,1.57223
33,59,1.53525
34,59,1.49838
35,59,1.46172
36,59,1.42536
37,59,1.38937
38,59,1.35378
39,59,1.31873
40,59,1.28433
41,59,1.25067
42,59,1.21768
43,59,1.18548
44,59,1.1541
45,59,1.12356
46,59,1.09387
47,59,1.06503
48,59,1.03709
49,59,1.01011
50,59,0.984194
51,59,0.959157
52,59,0.934791
53,59,0.911086
54,59,0.888235
55,59,0.866316
56,59,0.845219
57,59,0.824889
58,59,0.805259
59,59,0.786347
60,59,0.76816
61,59,0.750625
62,59,0.733665
63,59,0.72105
0,60,2.41985
1,60,2.40808
2,60,2.39177
3,60,2.3748
4,60,2.35715
5,60,2.33894
6,60,2.32012
7,60,2.30061
8,60,2.28033
9,60,2.25933
10,60,2.23762
11,60,2.2152
12,60,2.19199
13,60,2.16797
14,60,2.14308
15,60,2.11744
16,60,2.09091
17,60,2.06354
18,60,2.03536
19,60,2.00639
20,60,1.97675
21,60,1.94621
22,60,1.91492
23,60,1.88291
24,60,1.85022
25,60,1.81691
26,60,1.78305
27,60,1.74869
28,60,1.71394
29,60,1.6788
30,60,1.64338
31,60,1.60781
32,60,1.57214
33,60,1.53649
34,60,1.50093
35,60,1.46559
36,60,1.43052
37,60,1.39578
38,60,1.36144
39,60,1.32753
40,60,1.2942
41,60,1.2615
42,60,1.2295
43,60,1.19821
44,60,1.16768
45,60,1.13791
46,60,1.10888
47,60,1.08061
48,60,1.05316
49,60,1.02663
50,60,1.0011
51,60,0.976441
52,60,0.952373
53,60,0.928893
54,60,0.906254
55,60,0.884479
56,60,0.86349
57,60,0.843222
58,60,0.823623
59,60,0.804721
60,60,0.786521
61,60,0.768938
62,60,0.751922
63,60,0.739244
0,61,2.40241
1,61,2.39057
2,61,2.37424
3,61,2.35725
4,61,2.33964
5,61,2.32146
6,61,2.30268
7,61,2.2832
8,61,2.26304
9,61,2.2422
10,61,2.22068
11,61,2.19849
12,61,2.17551
13,61,2.15175
14,61,2.12724
15,61,2.10195
16,61,2.07591
17,61,2.04908
18,61,2.02142
19,61,1.9932
20,61,1.96413
21,61,1.93434
22,61,1.90385
23,61,1.87271
24,61,1.84097
25,61,1.80868
26,61,1.77589
27,61,1.74263
28,61,1.70899
29,61,1.67505
30,61,1.64082
31,61,1.60644
32,61,1.57198
33,61,1.53755
34,61,1.50319
35,61,1.46902
36,61,1.4351
37,61,1.40149
38,61,1.36822
39,61,1.33539
40,61,1.30306
41,61,1.2713
42,61,1.24015
43,61,1.20972
44,61,1.17998
45,61,1.15095
46,61,1.12259
47,61,1.0949
48,61,1.06795
49,61,1.04188
50,61,1.01676
51,61,0.992477
52,61,0.968719
53,61,0.945532
54,61,0.923097
55,61,0.901509
56,61,0.880674
57,61,0.860518
58,61,0.841007
59,61,0.822162
60,61,0.803974
61,61,0.786407
62,61,0.769399
63,61,0.756716
0,62,2.38536
1,62,2.37345
2,62,2.35712
3,62,2.34016
4,62,2.32263
5,62,2.3045
6,62,2.28578
7,62,2.2664
8,62,2.24635
9,62,2.22571
10,62,2.20437
11,62,2.18234
12,62,2.15964
13,62,2.13623
14,62,2.11209
15,62,2.08727
16,62,2.06175
17,62,2.0354
18,62,2.00834
19,62,1.98065
20,62,1.95228
21,62,1.92326
22,62,1.89359
23,62,1.86329
24,62,1.83245
25,62,1.80107
26,62,1.76925
27,62,1.73701
28,62,1.70441
29,62,1.67154
30,62,1.63844
31,62,1.60513
32,62,1.57179
33,62,1.53854
34,62,1.50529
35,62,1.47221
36,62,1.43935
37,62,1.40676
38,62,1.3745
39,62,1.34263
40,62,1.31122
41,62,1.28035
42,62,1.25004
43,62,1.22034
44,62,1.1913
45,62,1.16295
46,62,1.13522
47,62,1.10806
48,62,1.0816
49,62,1.056
50,62,1.0313
51,62,1.00738
52,62,0.983968
53,62,0.96103
54,62,0.938831
55,62,0.917463
56,62,0.896795
57,62,0.876797
58,62,0.857423
59,62,0.838668
60,62,0.820554
61,62,0.803073
62,62,0.786099
63,62,0.773473
0,63,2.37175
1,63,2.36087
2,63,2.34449
3,63,2.32751
4,63,2.31001
5,63,2.29194
6,63,2.27325
7,63,2.25398
8,63,2.23408
9,63,2.21354
10,63,2.19238
11,63,2.17054
12,63,2.14804
13,63,2.12488
14,63,2.10105
15,63,2.07441
16,63,2.04902
17,63,2.02533
18,63,1.99882
19,63,1.97156
20,63,1.94368
21,63,1.9152
22,63,1.88612
23,63,1.85651
24,63,1.82629
25,63,1.79559
26,63,1.76446
27,63,1.73295
28,63,1.70112
29,63,1.66904
30,63,1.6367
31,63,1.60293
32,63,1.57048
33,63,1.53937
34,63,1.50698
35,63,1.47463
36,63,1.44249
37,63,1.41062
38,63,1.37908
39,63,1.34797
40,63,1.31729
41,63,1.28709
42,63,1.25744
43,63,1.22832
44,63,1.19984
45,63,1.17195
46,63,1.14466
47,63,1.11778
48,63,1.09226
49,63,1.06675
50,63,1.04239
51,63,1.01874
52,63,0.995531
53,63,0.972769
54,63,0.950724
55,63,0.929482
56,63,0.908947
57,63,0.889047
58,63,0.869776
59,63,0.851106
60,63,0.833057
61,63,0.815613
62,63,0.798687
63,63,0.785245
